merchant,flyer_id,name,price,valid_from,valid_to
Loblaws,7699629,"PC® RAW ZIPPERBACK JUMBO WILD ARGENTINIAN SHRIMP, 340 G, 21-30 per lb",11.99,2026-01-08T00:00:00-05:00,2026-01-14T23:59:59-05:00
Loblaws,7699629,"PC® FETA CHEESE, 400 g",9.99,2026-01-08T00:00:00-05:00,2026-01-14T23:59:59-05:00
Loblaws,7699629,"SAVOURA CERIZO CHERRY TOMATOES ON THE VINE, 150 g",2.49,2026-01-08T00:00:00-05:00,2026-01-14T23:59:59-05:00
Loblaws,7699629,GREEN ZUCCHINI OR LARGE EGGPLANT,1.29,2026-01-08T00:00:00-05:00,2026-01-14T23:59:59-05:00
Loblaws,7699629,"MONTREAL STYLE BAGELS, 64-113 g",1.69,2026-01-08T00:00:00-05:00,2026-01-14T23:59:59-05:00
Loblaws,7699629,Facebook,,2026-01-08T00:00:00-05:00,2026-01-14T23:59:59-05:00
Loblaws,7699629,"LIL SNAPPERS ORGANIC BOSC PEARS, 2 lb",6.49,2026-01-08T00:00:00-05:00,2026-01-14T23:59:59-05:00
Loblaws,7699629,PORK TAIL,2.99,2026-01-08T00:00:00-05:00,2026-01-14T23:59:59-05:00
Loblaws,7699629,PORK FEET,2.99,2026-01-08T00:00:00-05:00,2026-01-14T23:59:59-05:00
Loblaws,7699629,COLLARD GREENS,3.99,2026-01-08T00:00:00-05:00,2026-01-14T23:59:59-05:00
Loblaws,7699629,"PC® PUB RECIPE CHICKEN NUGGETS, STRIPS OR BURGERS, 700 g",7.99,2026-01-08T00:00:00-05:00,2026-01-14T23:59:59-05:00
Loblaws,7699629,"STRAWBERRY SHORTCAKE 8"", 1 KG",29.99,2026-01-08T00:00:00-05:00,2026-01-14T23:59:59-05:00
Loblaws,7699629,"PC® COLESLAW, 397 g",2.99,2026-01-08T00:00:00-05:00,2026-01-14T23:59:59-05:00
Loblaws,7699629,ZIGGY'S® COOKED OR SMOKED TURKEY BREAST,8.99,2026-01-08T00:00:00-05:00,2026-01-14T23:59:59-05:00
Loblaws,7699629,KALE,3.99,2026-01-08T00:00:00-05:00,2026-01-14T23:59:59-05:00
Loblaws,7699629,WHOLE PORK LOIN,1.99,2026-01-08T00:00:00-05:00,2026-01-14T23:59:59-05:00
Loblaws,7699629,PORK LIVER,2.49,2026-01-08T00:00:00-05:00,2026-01-14T23:59:59-05:00
Loblaws,7699629,WHOLE BONELESS PORK LOIN,2.99,2026-01-08T00:00:00-05:00,2026-01-14T23:59:59-05:00
Loblaws,7699629,"MAPLE LODGE FARMS CHICKEN BACON OR ZABIHA HALAL CHICKEN BREAST STRIPS, 375 g",5.99,2026-01-08T00:00:00-05:00,2026-01-14T23:59:59-05:00
Loblaws,7699629,"PANE FRESCO CHILLED SOUP, 900 ML",9.49,2026-01-08T00:00:00-05:00,2026-01-14T23:59:59-05:00
Loblaws,7699629,"SEAQUEST® FISH FILLETS, 400 g",5.99,2026-01-08T00:00:00-05:00,2026-01-14T23:59:59-05:00
Loblaws,7699629,ORGANIC MANGO,2.49,2026-01-08T00:00:00-05:00,2026-01-14T23:59:59-05:00
Loblaws,7699629,MARCANGELO IMPORTED MORTADELLA,9.99,2026-01-08T00:00:00-05:00,2026-01-14T23:59:59-05:00
Loblaws,7699629,FORTINOS MIXED BOUQUETS,20.0,2026-01-08T00:00:00-05:00,2026-01-14T23:59:59-05:00
Loblaws,7699629,SWISS CHARD,3.99,2026-01-08T00:00:00-05:00,2026-01-14T23:59:59-05:00
Loblaws,7699629,"YORKSHIRE VALLEY FARMS ORGANIC CHICKEN BITES, 454 g",12.99,2026-01-08T00:00:00-05:00,2026-01-14T23:59:59-05:00
Loblaws,7699629,"WONDER BREAD 675 G, JUMBO HOT DOG OR HAMBURGER BUNS, 8'S OR PC® MINI TORTILLAS, 192/200 g",2.99,2026-01-08T00:00:00-05:00,2026-01-14T23:59:59-05:00
Loblaws,7699629,WHOLE PORK SHOULDER,1.79,2026-01-08T00:00:00-05:00,2026-01-14T23:59:59-05:00
Loblaws,7699629,PORK HOCKS,2.99,2026-01-08T00:00:00-05:00,2026-01-14T23:59:59-05:00
Loblaws,7699629,"ZABIHA HALAL FIRE CRISP SPICY BURGERS, NUGGETS OR DRUMSTICKS, 700-750 g",10.99,2026-01-08T00:00:00-05:00,2026-01-14T23:59:59-05:00
Loblaws,7699629,"TROPICAL 10"" HANGING BASKET",24.99,2026-01-08T00:00:00-05:00,2026-01-14T23:59:59-05:00
Loblaws,7699629,Instagram,,2026-01-08T00:00:00-05:00,2026-01-14T23:59:59-05:00
Loblaws,7699629,"LOCAL GARLIC, 113 g",2.99,2026-01-08T00:00:00-05:00,2026-01-14T23:59:59-05:00
Loblaws,7699629,"TROPICAL HANGING BASKET, 6 INCH POT",16.99,2026-01-08T00:00:00-05:00,2026-01-14T23:59:59-05:00
Loblaws,7699629,BUNCHED SPINACH,2.99,2026-01-08T00:00:00-05:00,2026-01-14T23:59:59-05:00
Loblaws,7699629,PC® Blue Menu® ground chicken or minced turkey or Mina Halal extra lean ground chicken,5.99,2026-01-08T00:00:00-05:00,2026-01-14T23:59:59-05:00
Loblaws,7699629,CARROT BUNCH GREENS,3.49,2026-01-08T00:00:00-05:00,2026-01-14T23:59:59-05:00
Loblaws,7699629,"FRESH ATLANTIC SALMON PORTIONS, 142 g",5.99,2026-01-08T00:00:00-05:00,2026-01-14T23:59:59-05:00
Loblaws,7699629,"ZEPPOLE PASTRY OR FRESH FRUIT TART, 90-110 g",3.99,2026-01-08T00:00:00-05:00,2026-01-14T23:59:59-05:00
Loblaws,7699629,SEEDLESS ORRI MANDARINS,5.99,2026-01-08T00:00:00-05:00,2026-01-14T23:59:59-05:00
Loblaws,7699629,"OMELETTE MIX, 340 G",4.99,2026-01-08T00:00:00-05:00,2026-01-14T23:59:59-05:00
Loblaws,7699629,PORK COLLAR BUTT CAPICOLA,3.99,2026-01-08T00:00:00-05:00,2026-01-14T23:59:59-05:00
Loblaws,7699629,"SANTA LUCIA BOCCONCINI OR FIOR' DI LATTE SOFT CHEESE, 200/250 g",7.99,2026-01-08T00:00:00-05:00,2026-01-14T23:59:59-05:00
Loblaws,7699629,"SAUSAGE CASING, 20 YARDS",8.99,2026-01-08T00:00:00-05:00,2026-01-14T23:59:59-05:00
Loblaws,7699629,PORK LOIN CENTRE-CUT CHOPS OR ROAST,3.99,2026-01-08T00:00:00-05:00,2026-01-14T23:59:59-05:00
Loblaws,7699629,"LIVE GREENS BASIL, 80 g",4.99,2026-01-08T00:00:00-05:00,2026-01-14T23:59:59-05:00
Loblaws,7699629,"ASSORTED SPRING BULBS, 4"" pot",4.99,2026-01-08T00:00:00-05:00,2026-01-14T23:59:59-05:00
Loblaws,7699629,"FONTAINE SANTÉ HUMMUS, 260/283 g",3.99,2026-01-08T00:00:00-05:00,2026-01-14T23:59:59-05:00
Loblaws,7699629,BROCCOLI CROWNS,1.99,2026-01-08T00:00:00-05:00,2026-01-14T23:59:59-05:00
Loblaws,7699629,"IFC BASA FILLETS, 850 g",10.99,2026-01-08T00:00:00-05:00,2026-01-14T23:59:59-05:00
Loblaws,7699629,WHOLE PORK LEG,1.49,2026-01-08T00:00:00-05:00,2026-01-14T23:59:59-05:00
Loblaws,7699629,"CHUDLEIGH'S APPLE BLOSSOMS, 228 g",4.99,2026-01-08T00:00:00-05:00,2026-01-14T23:59:59-05:00
Loblaws,7699629,"SNACK FACTORY PRETZEL CRISPS, 200 g",6.29,2026-01-08T00:00:00-05:00,2026-01-14T23:59:59-05:00
Loblaws,7699629,"RESER'S MAIN ST BISTRO POTATOES OR MAC AND CHEESE, 482-680 g",6.49,2026-01-08T00:00:00-05:00,2026-01-14T23:59:59-05:00
Loblaws,7699629,"BUTTER CROISSANTS, 12 pack",6.99,2026-01-08T00:00:00-05:00,2026-01-14T23:59:59-05:00
Loblaws,7699629,"PORK COMBINATION CHOPS, RIB AND SIRLOIN CHOPS",2.99,2026-01-08T00:00:00-05:00,2026-01-14T23:59:59-05:00
Loblaws,7699629,CARL BUDDIG SLICED MEAT,0.99,2026-01-08T00:00:00-05:00,2026-01-14T23:59:59-05:00
Loblaws,7699629,APRICOTS,7.99,2026-01-08T00:00:00-05:00,2026-01-14T23:59:59-05:00
Loblaws,7699629,"PILLER'S PEPPERETTES, SALAMI STICKS, TURKEY BITES OR SAUSAGE SNACKS, 300-500 g",8.99,2026-01-08T00:00:00-05:00,2026-01-14T23:59:59-05:00
Loblaws,7699629,"BLUEBERRIES, 170 g",1.99,2026-01-08T00:00:00-05:00,2026-01-14T23:59:59-05:00
Loblaws,7699629,"OLIVIERI FAMILY PACK PASTA OR SKILLET GNOCCHI, 520-700 g",10.99,2026-01-08T00:00:00-05:00,2026-01-14T23:59:59-05:00
Loblaws,7699629,"VISION GREENS SALAD MIXES, 227 g",7.49,2026-01-08T00:00:00-05:00,2026-01-14T23:59:59-05:00
Loblaws,7699629,SANTA LUCIA PROVOLONE,13.99,2026-01-08T00:00:00-05:00,2026-01-14T23:59:59-05:00
Loblaws,7699629,"GREENBELT ORGANIC MICROGREENS, 50 g",3.69,2026-01-08T00:00:00-05:00,2026-01-14T23:59:59-05:00
Loblaws,7699629,BBQ CHICKEN MEAL DEAL,19.49,2026-01-08T00:00:00-05:00,2026-01-14T23:59:59-05:00
Loblaws,7699629,"8 INCH CAKE, 800 g-1.65 kg",31.99,2026-01-08T00:00:00-05:00,2026-01-14T23:59:59-05:00
Loblaws,7699629,"DIANA'S WILD CLAM CHOWDER, 500 mL",8.99,2026-01-08T00:00:00-05:00,2026-01-14T23:59:59-05:00
Loblaws,7699629,"POM WONDERFUL FRESH ARILS, 227 g",5.99,2026-01-08T00:00:00-05:00,2026-01-14T23:59:59-05:00
Loblaws,7699629,MASTRO GENOA SALAMI OR ELITE C ROAST BEEF,13.99,2026-01-08T00:00:00-05:00,2026-01-14T23:59:59-05:00
Loblaws,7699629,ORGANIC ENGLISH CUCUMBER,3.49,2026-01-08T00:00:00-05:00,2026-01-14T23:59:59-05:00
Loblaws,7699629,PALMER MANGO,4.99,2026-01-08T00:00:00-05:00,2026-01-14T23:59:59-05:00
Loblaws,7699629,"PC® ORGANICS WHOLE WHITE OR CREMINI MUSHROOMS, 227 g",1.99,2026-01-08T00:00:00-05:00,2026-01-14T23:59:59-05:00
Loblaws,7699629,"MORNING ROUNDS, 450 g",3.99,2026-01-08T00:00:00-05:00,2026-01-14T23:59:59-05:00
Loblaws,7699629,CANARY OR SANTA CLAUS MELON,5.99,2026-01-08T00:00:00-05:00,2026-01-14T23:59:59-05:00
Loblaws,7699629,"SCHNEIDERS LUNCHMATE OR ADULT LUNCH KITS, 67-120 g",3.99,2026-01-08T00:00:00-05:00,2026-01-14T23:59:59-05:00
Loblaws,7699629,PORK BELLY WHOLE,3.99,2026-01-08T00:00:00-05:00,2026-01-14T23:59:59-05:00
Loblaws,7699629,"PC® SHEPHERD'S PIE, 800/900 g",15.99,2026-01-08T00:00:00-05:00,2026-01-14T23:59:59-05:00
Loblaws,7699629,"SCHNEIDERS RED HOTS, MAPLE LEAF TOP DOGS OR MINA HALAL CHICKEN WIENERS, 375/675 g",5.99,2026-01-08T00:00:00-05:00,2026-01-14T23:59:59-05:00
Loblaws,7699629,"PC® ORGANICS ROMAINE HEARTS, 3's",6.99,2026-01-08T00:00:00-05:00,2026-01-14T23:59:59-05:00
Loblaws,7699629,SCHNEIDERS OLD FASHIONED SMOKED HAM,13.99,2026-01-08T00:00:00-05:00,2026-01-14T23:59:59-05:00
Loblaws,7699629,SOUR CABBAGE,2.49,2026-01-08T00:00:00-05:00,2026-01-14T23:59:59-05:00
Loblaws,7699629,"PC® PEI MUSSELS IN PROVENCALE SAUCE OR CREAMY WHITE WINE, 907 g",12.99,2026-01-08T00:00:00-05:00,2026-01-14T23:59:59-05:00
Loblaws,7699629,BLACK TUSCAN KALE,3.99,2026-01-08T00:00:00-05:00,2026-01-14T23:59:59-05:00
Loblaws,7699629,DANDELION GREENS,3.99,2026-01-08T00:00:00-05:00,2026-01-14T23:59:59-05:00
Loblaws,7699629,BEET BUNCH GREENS,3.99,2026-01-08T00:00:00-05:00,2026-01-14T23:59:59-05:00
Loblaws,7699629,"BAXTER'S LOAF CAKES, 575 g",6.49,2026-01-08T00:00:00-05:00,2026-01-14T23:59:59-05:00
Loblaws,7699629,KOHLRABI GREENS,4.99,2026-01-08T00:00:00-05:00,2026-01-14T23:59:59-05:00
Loblaws,7699629,"DEMPSTERS GRAIN BREAD, 600 g",4.79,2026-01-08T00:00:00-05:00,2026-01-14T23:59:59-05:00
Loblaws,7699629,"RED CROWN ORGANIC POMEGRANATE JUICE, 1 L",9.99,2026-01-08T00:00:00-05:00,2026-01-14T23:59:59-05:00
Loblaws,7699629,ZIGGY'S® COOKED OR SMOKED CHICKEN BREAST,10.99,2026-01-08T00:00:00-05:00,2026-01-14T23:59:59-05:00
Loblaws,7699629,SNAKE PLANT IN CERAMIC POT,26.99,2026-01-08T00:00:00-05:00,2026-01-14T23:59:59-05:00
Loblaws,7699629,"CUT TULIPS, 10 STEMS",12.99,2026-01-08T00:00:00-05:00,2026-01-14T23:59:59-05:00
FreshCo,7705787,Maple Lodge or Zabiha Halal Chicken Bacon 375 g or Zabiha Halal Sliced Chicken 200 g,4.49,2026-01-08T00:00:00-05:00,2026-01-14T23:59:59-05:00
FreshCo,7705787,Nanak Gulabjamun 908 g,6.99,2026-01-08T00:00:00-05:00,2026-01-14T23:59:59-05:00
FreshCo,7705787,Christie Family Crackers Selected Varieties 345-454 g,3.99,2026-01-08T00:00:00-05:00,2026-01-14T23:59:59-05:00
FreshCo,7705787,Coors Light Lager 12x473 mL Cans,28.99,2026-01-08T00:00:00-05:00,2026-01-14T23:59:59-05:00
FreshCo,7705787,Gagan Peanuts Roasted In Shell 750 g,2.99,2026-01-08T00:00:00-05:00,2026-01-14T23:59:59-05:00
FreshCo,7705787,Green Seedless Grapes Product of South Africa No. I Grade Stem and Leaf Clementines Product of Spain 4.39/kg,1.99,2026-01-08T00:00:00-05:00,2026-01-14T23:59:59-05:00
FreshCo,7705787,Healthy Choice Gourmet Steamers 269-306 g or Marie Callender's Frozen Entrées 312-349 g,3.99,2026-01-08T00:00:00-05:00,2026-01-14T23:59:59-05:00
FreshCo,7705787,Scotties Facial Tissue 9 pk,9.99,2026-01-08T00:00:00-05:00,2026-01-14T23:59:59-05:00
FreshCo,7705787,Eggplant or Green or Grey Zucchini Product of USA or Mexico 4.39/kg,1.99,2026-01-08T00:00:00-05:00,2026-01-14T23:59:59-05:00
FreshCo,7705787,Compliments Lasagna 375-500 g,,2026-01-08T00:00:00-05:00,2026-01-14T23:59:59-05:00
FreshCo,7705787,Ashoka Naans or Parathas 1.02-1.275 kg Selected Varieties,8.99,2026-01-08T00:00:00-05:00,2026-01-14T23:59:59-05:00
FreshCo,7705787,Maxwell House Pods 30 pk,16.99,2026-01-08T00:00:00-05:00,2026-01-14T23:59:59-05:00
FreshCo,7705787,Tata Tea Orange Pekoe 220 pk,7.99,2026-01-08T00:00:00-05:00,2026-01-14T23:59:59-05:00
FreshCo,7705787,Pampers Super Pack Diapers 44-102 pk Selected Varieties,28.99,2026-01-08T00:00:00-05:00,2026-01-14T23:59:59-05:00
FreshCo,7705787,Compliments Natural Ingredients Meat 175 g or Sliced Cheese 150-170 g,5.49,2026-01-08T00:00:00-05:00,2026-01-14T23:59:59-05:00
FreshCo,7705787,Silk Coffee Creamer 890 mL,4.99,2026-01-08T00:00:00-05:00,2026-01-14T23:59:59-05:00
FreshCo,7705787,Kraft Dinner 5 pk or Kraft Dinner Cups 4 pk,4.99,2026-01-08T00:00:00-05:00,2026-01-14T23:59:59-05:00
FreshCo,7705787,Coca-Cola Soft Drinks 6x710 mL Selected Varieties,3.99,2026-01-08T00:00:00-05:00,2026-01-14T23:59:59-05:00
FreshCo,7705787,Verio Test Strips 100 pk,69.99,2026-01-08T00:00:00-05:00,2026-01-14T23:59:59-05:00
FreshCo,7705787,Cheetos 170-285 g or Miss Vickie's 180-200 g,3.49,2026-01-08T00:00:00-05:00,2026-01-14T23:59:59-05:00
FreshCo,7705787,Surati Snacks 250-341 g Selected Varieties,2.29,2026-01-08T00:00:00-05:00,2026-01-14T23:59:59-05:00
FreshCo,7705787,Compliments Cranberry Cocktail 1.89 L,2.99,2026-01-08T00:00:00-05:00,2026-01-14T23:59:59-05:00
FreshCo,7705787,Nestlé King Size Bars 63-85 g or Juniors 8 pk,2.0,2026-01-08T00:00:00-05:00,2026-01-14T23:59:59-05:00
FreshCo,7705787,Rubicon Juice 1 L Selected Varieties,2.49,2026-01-08T00:00:00-05:00,2026-01-14T23:59:59-05:00
FreshCo,7705787,Natrel Lactose Free Milk 2 L Selected Varieties,5.99,2026-01-08T00:00:00-05:00,2026-01-14T23:59:59-05:00
FreshCo,7705787,Maple Lodge or Zabiha Halal Chicken Bacon 375 g or Zabiha Halal Sliced Chicken 200 g,4.49,2026-01-08T00:00:00-05:00,2026-01-14T23:59:59-05:00
FreshCo,7705787,Lactantia Cream Cheese Spread 227 g,1.99,2026-01-08T00:00:00-05:00,2026-01-14T23:59:59-05:00
FreshCo,7705787,Timothy's Coffee K-Cups 30 pk,17.99,2026-01-08T00:00:00-05:00,2026-01-14T23:59:59-05:00
FreshCo,7705787,Sugar Cane Product of Costa Rica,1.49,2026-01-08T00:00:00-05:00,2026-01-14T23:59:59-05:00
FreshCo,7705787,Aman's Super Fine Besan 1.81 kg,6.49,2026-01-08T00:00:00-05:00,2026-01-14T23:59:59-05:00
FreshCo,7705787,Lysol Toilet Bowl Cleaner 710 mL or Cleaners 650 mL-1.2 L,3.99,2026-01-08T00:00:00-05:00,2026-01-14T23:59:59-05:00
FreshCo,7705787,Parle-G Gold Cookies 1 kg,3.99,2026-01-08T00:00:00-05:00,2026-01-14T23:59:59-05:00
FreshCo,7705787,Lou's Quick n Easy Entrées or Lil' Juan's Entrées 300-400 g,6.99,2026-01-08T00:00:00-05:00,2026-01-14T23:59:59-05:00
FreshCo,7705787,Colgate Sensitive Pro-Relief or Total Advanced Toothpaste 73-120 mL Selected Varieties,4.49,2026-01-08T00:00:00-05:00,2026-01-14T23:59:59-05:00
FreshCo,7705787,High Liner Pan-Sear Frozen 500-540 g Catch of the Day Fish Fillets Frozen 580-800 g,9.99,2026-01-08T00:00:00-05:00,2026-01-14T23:59:59-05:00
FreshCo,7705787,McCain Regular Fries or Diced Hashbrowns 800 g,1.99,2026-01-08T00:00:00-05:00,2026-01-14T23:59:59-05:00
FreshCo,7705787,Cilantro or Mint Bunch Product of Mexico or USA,0.99,2026-01-08T00:00:00-05:00,2026-01-14T23:59:59-05:00
FreshCo,7705787,Aman's Biscuit Milk or Suji Rusk 600 g,3.99,2026-01-08T00:00:00-05:00,2026-01-14T23:59:59-05:00
FreshCo,7705787,Pomegranates Product of Egypt or Israel,1.99,2026-01-08T00:00:00-05:00,2026-01-14T23:59:59-05:00
FreshCo,7705787,Old El Paso Taco Kits 250-510 g,3.99,2026-01-08T00:00:00-05:00,2026-01-14T23:59:59-05:00
FreshCo,7705787,"Oasis Juices, Arizona Iced Tea or Del Monte Nectars 960 mL",1.25,2026-01-08T00:00:00-05:00,2026-01-14T23:59:59-05:00
FreshCo,7705787,Kellogg's Core Bars 125-384 g,2.99,2026-01-08T00:00:00-05:00,2026-01-14T23:59:59-05:00
FreshCo,7705787,GoGo SqueeZ 4 pk,2.99,2026-01-08T00:00:00-05:00,2026-01-14T23:59:59-05:00
FreshCo,7705787,Compliments Lemons 2 lb Product of South Africa 907 g or Pineapple Product of Costa Rica,3.99,2026-01-08T00:00:00-05:00,2026-01-14T23:59:59-05:00
FreshCo,7705787,Adams 100% Natural Peanut Butter 1 kg,9.79,2026-01-08T00:00:00-05:00,2026-01-14T23:59:59-05:00
FreshCo,7705787,Tim Hortons Ground Coffee 300 g or Single Serve K-Cups 10-12 pk,10.99,2026-01-08T00:00:00-05:00,2026-01-14T23:59:59-05:00
FreshCo,7705787,Kicking Horse Ground Coffee 284 g or Tetley Orange Pekoe Tea 216 pk,9.99,2026-01-08T00:00:00-05:00,2026-01-14T23:59:59-05:00
FreshCo,7705787,Cherries Product of Chile No. I Grade 11.00/kg,4.99,2026-01-08T00:00:00-05:00,2026-01-14T23:59:59-05:00
FreshCo,7705787,Fresh Pork Back Ribs,6.99,2026-01-08T00:00:00-05:00,2026-01-14T23:59:59-05:00
FreshCo,7705787,High Liner Wild Pacific Salmon Fillets Frozen 400 g,7.99,2026-01-08T00:00:00-05:00,2026-01-14T23:59:59-05:00
FreshCo,7705787,Starbucks For Nespresso Vertuo Pods 8-10 pk,12.99,2026-01-08T00:00:00-05:00,2026-01-14T23:59:59-05:00
FreshCo,7705787,Deep IQF Bhindi Cut or Baby Okra 340 g,1.49,2026-01-08T00:00:00-05:00,2026-01-14T23:59:59-05:00
FreshCo,7705787,Compliments Triple Cream Brie 175 g,,2026-01-08T00:00:00-05:00,2026-01-14T23:59:59-05:00
FreshCo,7705787,Compliments Hot Chocolate 1.8 kg,12.99,2026-01-08T00:00:00-05:00,2026-01-14T23:59:59-05:00
FreshCo,7705787,Rapini Product of USA or Iceberg Lettuce Product of USA No. I Grade,2.99,2026-01-08T00:00:00-05:00,2026-01-14T23:59:59-05:00
FreshCo,7705787,Johnsonville Sausages 375-500 g,5.99,2026-01-08T00:00:00-05:00,2026-01-14T23:59:59-05:00
FreshCo,7705787,Kraft Peanut Butter 750 g-1 kg,6.49,2026-01-08T00:00:00-05:00,2026-01-14T23:59:59-05:00
FreshCo,7705787,Lipton Green Tea or Yellow Label 100 pk or Red Rose Orange Pekoe Tea 144 pk,6.99,2026-01-08T00:00:00-05:00,2026-01-14T23:59:59-05:00
FreshCo,7705787,Tim Hortons French Vanilla 454 g,7.99,2026-01-08T00:00:00-05:00,2026-01-14T23:59:59-05:00
FreshCo,7705787,Hershey Packaged Candy 160-235 g Assorted Varieties,4.49,2026-01-08T00:00:00-05:00,2026-01-14T23:59:59-05:00
FreshCo,7705787,Compliments Organic Free Range Large Eggs 12 pk,6.99,2026-01-08T00:00:00-05:00,2026-01-14T23:59:59-05:00
FreshCo,7705787,"Minute Maid, Five Alive or Fuze Iced Tea Beverages 8x200 mL or 10x200 mL",2.99,2026-01-08T00:00:00-05:00,2026-01-14T23:59:59-05:00
FreshCo,7705787,Christie Gluten Free Oreos 342-353 g,6.99,2026-01-08T00:00:00-05:00,2026-01-14T23:59:59-05:00
FreshCo,7705787,Purex 4.43 L Sunlight 4 L or Snuggle 2.77 L,8.99,2026-01-08T00:00:00-05:00,2026-01-14T23:59:59-05:00
FreshCo,7705787,"Mini Seedless Cucumbers 6 pk Product of Ontario, Canada No. 1 Grape Tomatoes 283 g product of USA or Mexico",1.99,2026-01-08T00:00:00-05:00,2026-01-14T23:59:59-05:00
FreshCo,7705787,"Janes Pub Style Chicken Strips, Nuggets or Burgers Frozen I.I kg Ultimates Boneless Chicken Fillets or Bites Frozen 710-720 g",9.99,2026-01-08T00:00:00-05:00,2026-01-14T23:59:59-05:00
FreshCo,7705787,Nestlé Multipacks 164-200 g or Pouches 135-203 g Selected Varieties,4.89,2026-01-08T00:00:00-05:00,2026-01-14T23:59:59-05:00
FreshCo,7705787,Dare Gluten Free Breton Crackers 135 g,2.99,2026-01-08T00:00:00-05:00,2026-01-14T23:59:59-05:00
FreshCo,7705787,Dillon's Gin Cocktails Variety Pack 12x355 mL,29.99,2026-01-08T00:00:00-05:00,2026-01-14T23:59:59-05:00
FreshCo,7705787,Bagged Avocado 5 pk Product of Mexico or Blueberries 170 g Product of Peru No. I Grade,3.99,2026-01-08T00:00:00-05:00,2026-01-14T23:59:59-05:00
FreshCo,7705787,Deep Mango Pulp 850 g,3.79,2026-01-08T00:00:00-05:00,2026-01-14T23:59:59-05:00
FreshCo,7705787,Mitchell's Sarson Ka Saag 800 g or Spinach Puree 800 g,2.99,2026-01-08T00:00:00-05:00,2026-01-14T23:59:59-05:00
FreshCo,7705787,Webber Naturals Vitamins 20-360 pk or Sesame Street Gummies 50-180 pk Selected Varieties,,2026-01-08T00:00:00-05:00,2026-01-14T23:59:59-05:00
FreshCo,7705787,Good Leaf Salad Mix 113 g or Micro Greens 50 g Product of Ontario,3.49,2026-01-08T00:00:00-05:00,2026-01-14T23:59:59-05:00
FreshCo,7705787,Folgers K-Cups 30 pk or Ground Coffee 544-816 g,16.99,2026-01-08T00:00:00-05:00,2026-01-14T23:59:59-05:00
FreshCo,7705787,Divella Pasta 500 g Primo Pasta Sauce 680 mL or Benedetto Passata 680 mL,1.49,2026-01-08T00:00:00-05:00,2026-01-14T23:59:59-05:00
FreshCo,7705787,Spinach Bunch or Methi Product of Mexico or USA,1.99,2026-01-08T00:00:00-05:00,2026-01-14T23:59:59-05:00
FreshCo,7705787,Pogo Original Frozen 1.5 kg,13.99,2026-01-08T00:00:00-05:00,2026-01-14T23:59:59-05:00
FreshCo,7705787,Nabob Ground Coffee 915-930 g,21.99,2026-01-08T00:00:00-05:00,2026-01-14T23:59:59-05:00
FreshCo,7705787,"Yellow Potatoes 5 lb Product of Canada Canada No. 2, 2.27/kg",2.99,2026-01-08T00:00:00-05:00,2026-01-14T23:59:59-05:00
FreshCo,7705787,ONE Protein Bars 60 g,2.99,2026-01-08T00:00:00-05:00,2026-01-14T23:59:59-05:00
FreshCo,7705787,Golden Punjabi Biscuits,5.99,2026-01-08T00:00:00-05:00,2026-01-14T23:59:59-05:00
FreshCo,7705787,Nanak Rasmalai 850 g Selected Varieties,8.99,2026-01-08T00:00:00-05:00,2026-01-14T23:59:59-05:00
FreshCo,7705787,Maxwell House Coffee 864-900 g,17.99,2026-01-08T00:00:00-05:00,2026-01-14T23:59:59-05:00
FreshCo,7705787,"MadeGood Organic Granola Bars, Minis or Crispy Squares 120-132 g",2.99,2026-01-08T00:00:00-05:00,2026-01-14T23:59:59-05:00
FreshCo,7705787,Sleeman Clear 2.0 Light Lager 6x473 mL Tall Cans,15.99,2026-01-08T00:00:00-05:00,2026-01-14T23:59:59-05:00
FreshCo,7705787,Coca-Cola Soft Drinks 12x355 mL Selected Varieties,7.77,2026-01-08T00:00:00-05:00,2026-01-14T23:59:59-05:00
FreshCo,7705787,Compliments Potato Chips 200 g,1.49,2026-01-08T00:00:00-05:00,2026-01-14T23:59:59-05:00
FreshCo,7705787,Nestlé Real Dairy & Confectionery Frozen Dessert 1.5 L Drumstick or Novelties 4-10 pk,5.49,2026-01-08T00:00:00-05:00,2026-01-14T23:59:59-05:00
FreshCo,7705787,Sandbagger Lemon or Boysenberry Hard Seltzer 355 mL,2.59,2026-01-08T00:00:00-05:00,2026-01-14T23:59:59-05:00
FreshCo,7705787,"Del Monte Juice, Oasis Health Break or Smoothie 1.6 L",3.99,2026-01-08T00:00:00-05:00,2026-01-14T23:59:59-05:00
FreshCo,7705787,Softsoap or Irish Spring Body Wash 591 mL or Irish Spring Soap Bars 6 pk,4.49,2026-01-08T00:00:00-05:00,2026-01-14T23:59:59-05:00
FreshCo,7705787,General Mills Cereal Selected Varieties 526-778 g,4.87,2026-01-08T00:00:00-05:00,2026-01-14T23:59:59-05:00
FreshCo,7705787,Tazo Chai Latte 946 mL,5.99,2026-01-08T00:00:00-05:00,2026-01-14T23:59:59-05:00
FreshCo,7705787,Michelob Ultra Light 473 mL or Czechvar Premium Lager 500 mL,2.99,2026-01-08T00:00:00-05:00,2026-01-14T23:59:59-05:00
FreshCo,7705787,Carnation Hot Chocolate Envelopes 10 pk,4.49,2026-01-08T00:00:00-05:00,2026-01-14T23:59:59-05:00
FreshCo,7705787,Red Baron Classic Crust Pizza 584-597 g or Deep Dish Singles 2 pk,3.99,2026-01-08T00:00:00-05:00,2026-01-14T23:59:59-05:00
FreshCo,7705787,Grace Patties 600 g,5.99,2026-01-08T00:00:00-05:00,2026-01-14T23:59:59-05:00
FreshCo,7705787,Rustica Pizza Selected Varieties 577-866 g,7.49,2026-01-08T00:00:00-05:00,2026-01-14T23:59:59-05:00
FreshCo,7705787,Lay's Potato Chips 177-235 g Smartfood 150-220 g or Tostitos 205-300 g,2.99,2026-01-08T00:00:00-05:00,2026-01-14T23:59:59-05:00
FreshCo,7705787,Red Onions,2.99,2026-01-08T00:00:00-05:00,2026-01-14T23:59:59-05:00
FreshCo,7705787,Twinings Tea Bags 20 pk,3.99,2026-01-08T00:00:00-05:00,2026-01-14T23:59:59-05:00
FreshCo,7705787,Nescafé Gold Instant Coffee 90-100 g or Espresso Concentrate 500 mL,7.44,2026-01-08T00:00:00-05:00,2026-01-14T23:59:59-05:00
FreshCo,7705787,Liberté Méditerranée Yogurt 500 g or Yoplait Source Tubs 630 g,2.99,2026-01-08T00:00:00-05:00,2026-01-14T23:59:59-05:00
FreshCo,7705787,Twizzlers Packaged Candy 283-454 g,2.99,2026-01-08T00:00:00-05:00,2026-01-14T23:59:59-05:00
FreshCo,7705787,Unico Beans 540 mL or Tomatoes 796 mL,5.0,2026-01-08T00:00:00-05:00,2026-01-14T23:59:59-05:00
FreshCo,7705787,Compliments Peanut Butter Dippers 240 g,2.0,2026-01-08T00:00:00-05:00,2026-01-14T23:59:59-05:00
FreshCo,7705787,Pepperidge Farm Goldfish Crackers 167-227 g,2.49,2026-01-08T00:00:00-05:00,2026-01-14T23:59:59-05:00
FreshCo,7705787,Rose Brand Jasmine White Scented Rice 8 kg,15.98,2026-01-08T00:00:00-05:00,2026-01-14T23:59:59-05:00
FreshCo,7705787,Brar's Malai Paneer 375 g,4.99,2026-01-08T00:00:00-05:00,2026-01-14T23:59:59-05:00
FreshCo,7705787,Dempster's Tortillas 426-640 g or Vachon Snack Cakes 252-336 g,3.49,2026-01-08T00:00:00-05:00,2026-01-14T23:59:59-05:00
FreshCo,7705787,"Red Delicious or Ambrosia Apples Product of Ontario, Canada Extra Fancy 3.73/kg",1.69,2026-01-08T00:00:00-05:00,2026-01-14T23:59:59-05:00
FreshCo,7705787,"Lal Qilla Basmati Rice, Supreme Sella or Sella Parboiled 4.54 kg",11.99,2026-01-08T00:00:00-05:00,2026-01-14T23:59:59-05:00
FreshCo,7705787,Yellow or White Flesh Nectarines Product of Chile No. I Grade 6.59/kg,2.99,2026-01-08T00:00:00-05:00,2026-01-14T23:59:59-05:00
FreshCo,7705787,Gagan Celebration Gift Pack 800 g,7.99,2026-01-08T00:00:00-05:00,2026-01-14T23:59:59-05:00
FreshCo,7705787,Burnbrae Farms EGG Bakes! Crustless Quiche 340 g,5.99,2026-01-08T00:00:00-05:00,2026-01-14T23:59:59-05:00
FreshCo,7705787,Hothouse Tomatoes Product of Ontario Canada No. I or Mexico No. I Grade 4.39/kg,1.99,2026-01-08T00:00:00-05:00,2026-01-14T23:59:59-05:00
FreshCo,7705787,Compliments Cheese Bars 400 g or Shredded Cheese 226-320 g,5.49,2026-01-08T00:00:00-05:00,2026-01-14T23:59:59-05:00
FreshCo,7705787,Carnation Hot Chocolate Canisters 400-450 g,6.49,2026-01-08T00:00:00-05:00,2026-01-14T23:59:59-05:00
FreshCo,7705787,Kool-Aid Jammers 10x180 mL,2.99,2026-01-08T00:00:00-05:00,2026-01-14T23:59:59-05:00
FreshCo,7705787,Chinese Eggplant Product of Honduras 4.39/kg,1.99,2026-01-08T00:00:00-05:00,2026-01-14T23:59:59-05:00
FreshCo,7705787,Lavazza Espresso Bricks 250 g,6.49,2026-01-08T00:00:00-05:00,2026-01-14T23:59:59-05:00
FreshCo,7705787,Musafir Frozen Appetizers 336-480 g Selected Varieties,8.99,2026-01-08T00:00:00-05:00,2026-01-14T23:59:59-05:00
FreshCo,7705787,Gatorade 6x591 mL or 8x355 mL,5.99,2026-01-08T00:00:00-05:00,2026-01-14T23:59:59-05:00
FreshCo,7705787,Red Carrot Product of India 8.80/kg,3.99,2026-01-08T00:00:00-05:00,2026-01-14T23:59:59-05:00
FreshCo,7705787,Hershey Single Bars 34-58 g Assorted Varieties,0.99,2026-01-08T00:00:00-05:00,2026-01-14T23:59:59-05:00
FreshCo,7705787,Nutella Hazelnut Spread 1 kg,10.49,2026-01-08T00:00:00-05:00,2026-01-14T23:59:59-05:00
FreshCo,7705787,Black Diamond Cheestrings 12-16 pk or Siggi's Yogurt 650-750 g,6.49,2026-01-08T00:00:00-05:00,2026-01-14T23:59:59-05:00
FreshCo,7705787,Quest Protein Chips 32 g,3.49,2026-01-08T00:00:00-05:00,2026-01-14T23:59:59-05:00
FreshCo,7705787,Compliments Cookies 300-350 g,3.0,2026-01-08T00:00:00-05:00,2026-01-14T23:59:59-05:00
FreshCo,7705787,Gay Lea Butter,4.99,2026-01-08T00:00:00-05:00,2026-01-14T23:59:59-05:00
FreshCo,7705787,Compliments Bread 675 g English Muffins or Bagels 6 pk,1.99,2026-01-08T00:00:00-05:00,2026-01-14T23:59:59-05:00
FreshCo,7705787,Green Bell or Red Elongated Peppers Product of USA or Mexico 5.49/kg,2.49,2026-01-08T00:00:00-05:00,2026-01-14T23:59:59-05:00
FreshCo,7705787,Piller's Meat Duo 300-350 g,7.99,2026-01-08T00:00:00-05:00,2026-01-14T23:59:59-05:00
FreshCo,7705787,Compliments Ice Cream Cones 4 pk,2.99,2026-01-08T00:00:00-05:00,2026-01-14T23:59:59-05:00
FreshCo,7705787,Compliments Greek Yogurt 650 g,4.49,2026-01-08T00:00:00-05:00,2026-01-14T23:59:59-05:00
FreshCo,7705787,Cashmere Bathroom Tissue 12=36 rolls or SpongeTowels 4=8 pk,12.99,2026-01-08T00:00:00-05:00,2026-01-14T23:59:59-05:00
FreshCo,7705787,Compliments Whole White or Brown Mushrooms 227 g Product of Ontario,2.49,2026-01-08T00:00:00-05:00,2026-01-14T23:59:59-05:00
FreshCo,7705787,St-Hubert Pies Frozen 715-800 g,9.99,2026-01-08T00:00:00-05:00,2026-01-14T23:59:59-05:00
FreshCo,7705787,Clover Leaf Albacore Tuna 170 g or Sardines 106,2.49,2026-01-08T00:00:00-05:00,2026-01-14T23:59:59-05:00
FreshCo,7705787,Modhani Yogurt Dahi 3.2% or 2%,1.99,2026-01-08T00:00:00-05:00,2026-01-14T23:59:59-05:00
FreshCo,7705787,WK02_ALLBANNERS_Empire_SceneScotia_eFlyer_NoEndDate.pdf,,2026-01-08T00:00:00-05:00,2026-01-14T23:59:59-05:00
Walmart,7695979,Pepsi or Diet Pepsi,14.0,2026-01-08T00:00:00-05:00,2026-01-14T23:59:59-05:00
Walmart,7695979,"Dr. Oetker Ristorante or Casa di Mama or Red Baron classic, thin or deep dish frozen pizza",3.97,2026-01-08T00:00:00-05:00,2026-01-14T23:59:59-05:00
Walmart,7695979,Green Giant frozen vegetables,10.0,2026-01-08T00:00:00-05:00,2026-01-14T23:59:59-05:00
Walmart,7695979,Philadelphia cream cheese,4.48,2026-01-08T00:00:00-05:00,2026-01-14T23:59:59-05:00
Walmart,7695979,AXE body spray or deodorant,4.98,2026-01-08T00:00:00-05:00,2026-01-14T23:59:59-05:00
Walmart,7695979,Adults' knit sneakers,15.0,2026-01-08T00:00:00-05:00,2026-01-14T23:59:59-05:00
Walmart,7695979,aMOOza! Mozza Cheddar Twists,5.98,2026-01-08T00:00:00-05:00,2026-01-14T23:59:59-05:00
Walmart,7695979,Assorted squash,0.97,2026-01-08T00:00:00-05:00,2026-01-14T23:59:59-05:00
Walmart,7695979,Pure Balance dog treats,19.97,2026-01-08T00:00:00-05:00,2026-01-14T23:59:59-05:00
Walmart,7695979,TuffStore heavy duty storage totes,7.97,2026-01-08T00:00:00-05:00,2026-01-14T23:59:59-05:00
Walmart,7695979,Great Value bagels 6-pack,2.24,2026-01-08T00:00:00-05:00,2026-01-14T23:59:59-05:00
Walmart,7695979,Tide Pods laundry detergent 45s - 76s,19.97,2026-01-08T00:00:00-05:00,2026-01-14T23:59:59-05:00
Walmart,7695979,"Banner - Save money, live better",,2026-01-08T00:00:00-05:00,2026-01-14T23:59:59-05:00
Walmart,7695979,Schneiders Lunch mate kits or snack kits,9.0,2026-01-08T00:00:00-05:00,2026-01-14T23:59:59-05:00
Walmart,7695979,Purina ONE dry cat food,11.98,2026-01-08T00:00:00-05:00,2026-01-14T23:59:59-05:00
Walmart,7695979,Pillsbury Pizza Pops 30-pack,16.97,2026-01-08T00:00:00-05:00,2026-01-14T23:59:59-05:00
Walmart,7695979,Royale Tiger 2-ply paper towels,16.97,2026-01-08T00:00:00-05:00,2026-01-14T23:59:59-05:00
Walmart,7695979,Royale facial tissue,19.97,2026-01-08T00:00:00-05:00,2026-01-14T23:59:59-05:00
Walmart,7695979,"Drumstick or confectioneries, Del Monte novelties, Real Dairy confectionery tubs",5.44,2026-01-08T00:00:00-05:00,2026-01-14T23:59:59-05:00
Walmart,7695979,Rascals premium super econo pack diapers,28.88,2026-01-08T00:00:00-05:00,2026-01-14T23:59:59-05:00
Walmart,7695979,Adults' knit sneakers,15.0,2026-01-08T00:00:00-05:00,2026-01-14T23:59:59-05:00
Walmart,7695979,Great Value peanut butter,4.27,2026-01-08T00:00:00-05:00,2026-01-14T23:59:59-05:00
Walmart,7695979,Personal blender,14.98,2026-01-08T00:00:00-05:00,2026-01-14T23:59:59-05:00
Walmart,7695979,Tide liquid laundry detergent 65-100 loads,19.97,2026-01-08T00:00:00-05:00,2026-01-14T23:59:59-05:00
Walmart,7695979,Adults' lace-up sneakers,19.0,2026-01-08T00:00:00-05:00,2026-01-14T23:59:59-05:00
Walmart,7695979,Activia probiotic yogurt tubs,3.47,2026-01-08T00:00:00-05:00,2026-01-14T23:59:59-05:00
Walmart,7695979,3-Drawer medium cart,22.47,2026-01-08T00:00:00-05:00,2026-01-14T23:59:59-05:00
Walmart,7695979,Barilla pasta,1.78,2026-01-08T00:00:00-05:00,2026-01-14T23:59:59-05:00
Walmart,7695979,Great Value AAA30 batteries,14.97,2026-01-08T00:00:00-05:00,2026-01-14T23:59:59-05:00
Walmart,7695979,Equate probiotic 60s,14.48,2026-01-08T00:00:00-05:00,2026-01-14T23:59:59-05:00
Walmart,7695979,Great Value organic chia seeds,5.47,2026-01-08T00:00:00-05:00,2026-01-14T23:59:59-05:00
Walmart,7695979,Great Value sliced bread,2.48,2026-01-08T00:00:00-05:00,2026-01-14T23:59:59-05:00
Walmart,7695979,Great Value frozen fruit,4.66,2026-01-08T00:00:00-05:00,2026-01-14T23:59:59-05:00
Walmart,7695979,Hand Towel,2.47,2026-01-08T00:00:00-05:00,2026-01-14T23:59:59-05:00
Walmart,7695979,Great Value soda,1.48,2026-01-08T00:00:00-05:00,2026-01-14T23:59:59-05:00
Walmart,7695979,Goldfish crackers,8.0,2026-01-08T00:00:00-05:00,2026-01-14T23:59:59-05:00
Walmart,7695979,Exercise mat,14.97,2026-01-08T00:00:00-05:00,2026-01-14T23:59:59-05:00
Walmart,7695979,Dr. Oetker Ristorante thin or deep dish frozen pizza,3.97,2026-01-08T00:00:00-05:00,2026-01-14T23:59:59-05:00
Walmart,7695979,Core Power high protein shake,3.97,2026-01-08T00:00:00-05:00,2026-01-14T23:59:59-05:00
Walmart,7695979,Equate incontinence underwear value pack,27.98,2026-01-08T00:00:00-05:00,2026-01-14T23:59:59-05:00
Walmart,7695979,Advil Liqui-Gels value pack,24.63,2026-01-08T00:00:00-05:00,2026-01-14T23:59:59-05:00
Walmart,7695979,Equate body lotion,4.37,2026-01-08T00:00:00-05:00,2026-01-14T23:59:59-05:00
Walmart,7695979,City building set,24.86,2026-01-08T00:00:00-05:00,2026-01-14T23:59:59-05:00
Walmart,7695979,Assorted squash,0.97,2026-01-08T00:00:00-05:00,2026-01-14T23:59:59-05:00
Walmart,7695979,"50"" 4K QLED TV",348.0,2026-01-08T00:00:00-05:00,2026-01-14T23:59:59-05:00
Walmart,7695979,Nicorette nicotine gum 210s,56.67,2026-01-08T00:00:00-05:00,2026-01-14T23:59:59-05:00
Walmart,7695979,Quest tortilla chips,3.72,2026-01-08T00:00:00-05:00,2026-01-14T23:59:59-05:00
Walmart,7695979,Equate body lotion,4.37,2026-01-08T00:00:00-05:00,2026-01-14T23:59:59-05:00
Walmart,7695979,Ol' Roy wet dog food cans,22.48,2026-01-08T00:00:00-05:00,2026-01-14T23:59:59-05:00
Walmart,7695979,CHRISTIE cookies,6.0,2026-01-08T00:00:00-05:00,2026-01-14T23:59:59-05:00
Walmart,7695979,Equate toothbrushes 8-pack,5.97,2026-01-08T00:00:00-05:00,2026-01-14T23:59:59-05:00
Walmart,7695979,Men's Equate 5-blade razor,24.97,2026-01-08T00:00:00-05:00,2026-01-14T23:59:59-05:00
Walmart,7695979,Banner - Walmart Brands,,2026-01-08T00:00:00-05:00,2026-01-14T23:59:59-05:00
Walmart,7695979,Great Value unsweetened applesauce,1.97,2026-01-08T00:00:00-05:00,2026-01-14T23:59:59-05:00
Walmart,7695979,Parent's Choice 100% organic pouches,1.0,2026-01-08T00:00:00-05:00,2026-01-14T23:59:59-05:00
Walmart,7695979,Great Value extra virgin olive oil,11.44,2026-01-08T00:00:00-05:00,2026-01-14T23:59:59-05:00
Walmart,7695979,Great Value salad dressing,2.47,2026-01-08T00:00:00-05:00,2026-01-14T23:59:59-05:00
Walmart,7695979,Parent's Choice 100% organic pouches,1.0,2026-01-08T00:00:00-05:00,2026-01-14T23:59:59-05:00
Walmart,7695979,Great Value salad dressing,2.47,2026-01-08T00:00:00-05:00,2026-01-14T23:59:59-05:00
Walmart,7695979,Great Value green tea,3.67,2026-01-08T00:00:00-05:00,2026-01-14T23:59:59-05:00
Walmart,7695979,Equate toothbrushes 8-pack,5.97,2026-01-08T00:00:00-05:00,2026-01-14T23:59:59-05:00
Walmart,7695979,Kids' Equate Vitamin D droplets,12.98,2026-01-08T00:00:00-05:00,2026-01-14T23:59:59-05:00
Walmart,7695979,Equate hand soap refill,3.97,2026-01-08T00:00:00-05:00,2026-01-14T23:59:59-05:00
Walmart,7695979,Parent's Choice wipes,2.47,2026-01-08T00:00:00-05:00,2026-01-14T23:59:59-05:00
Walmart,7695979,1.5 Cup Mini Chopper,19.98,2026-01-08T00:00:00-05:00,2026-01-14T23:59:59-05:00
Walmart,7695979,Parent's Choice wipes 100s,2.47,2026-01-08T00:00:00-05:00,2026-01-14T23:59:59-05:00
Walmart,7695979,Switch to save,,2026-01-08T00:00:00-05:00,2026-01-14T23:59:59-05:00
Walmart,7695979,Kids' Equate multivitamins,18.92,2026-01-08T00:00:00-05:00,2026-01-14T23:59:59-05:00
Walmart,7695979,Holiday luncheon meat,1.97,2026-01-08T00:00:00-05:00,2026-01-14T23:59:59-05:00
Walmart,7695979,"Your Fresh Market"" hummus",2.98,2026-01-08T00:00:00-05:00,2026-01-14T23:59:59-05:00
Walmart,7695979,AirPods Pro 3,329.0,2026-01-08T00:00:00-05:00,2026-01-14T23:59:59-05:00
Walmart,7695979,Tylenol Extra Strength,10.17,2026-01-08T00:00:00-05:00,2026-01-14T23:59:59-05:00
Walmart,7695979,Philadelphia cream cheese,4.48,2026-01-08T00:00:00-05:00,2026-01-14T23:59:59-05:00
Walmart,7695979,Quaker instant oatmeal,5.0,2026-01-08T00:00:00-05:00,2026-01-14T23:59:59-05:00
Walmart,7695979,Bear Paws cookies,2.28,2026-01-08T00:00:00-05:00,2026-01-14T23:59:59-05:00
Walmart,7695979,Welch's fruit snacks,8.47,2026-01-08T00:00:00-05:00,2026-01-14T23:59:59-05:00
Walmart,7695979,Tostitos tortilla chips 295 g,2.97,2026-01-08T00:00:00-05:00,2026-01-14T23:59:59-05:00
Walmart,7695979,"Chapman's Super sandwich novelties 12-pack, premium frozen tubs or frozen yogurt tubs 2 L",5.97,2026-01-08T00:00:00-05:00,2026-01-14T23:59:59-05:00
Walmart,7695979,Hungry-Man frozen entrees,4.47,2026-01-08T00:00:00-05:00,2026-01-14T23:59:59-05:00
Walmart,7695979,Heinz ketchup or Kraft Miracle Whip,4.97,2026-01-08T00:00:00-05:00,2026-01-14T23:59:59-05:00
Walmart,7695979,Delicious Kitchen jasmine rice,12.98,2026-01-08T00:00:00-05:00,2026-01-14T23:59:59-05:00
Walmart,7695979,Great Value chips variety pack,8.38,2026-01-08T00:00:00-05:00,2026-01-14T23:59:59-05:00
Walmart,7695979,Great Value spring water,2.98,2026-01-08T00:00:00-05:00,2026-01-14T23:59:59-05:00
Walmart,7695979,Blueberries,3.84,2026-01-08T00:00:00-05:00,2026-01-14T23:59:59-05:00
Walmart,7695979,"Janes Pub Style breaded chicken nuggets, strips or burgers",7.97,2026-01-08T00:00:00-05:00,2026-01-14T23:59:59-05:00
Walmart,7695979,Heinz ketchup,4.97,2026-01-08T00:00:00-05:00,2026-01-14T23:59:59-05:00
Walmart,7695979,Activia probiotic yogurt tubs,3.47,2026-01-08T00:00:00-05:00,2026-01-14T23:59:59-05:00
Walmart,7695979,Polident retainer or denture cleanser,8.48,2026-01-08T00:00:00-05:00,2026-01-14T23:59:59-05:00
Walmart,7695979,Swiffer PowerMop starter kit,29.97,2026-01-08T00:00:00-05:00,2026-01-14T23:59:59-05:00
Walmart,7695979,CRAVE frozen entrees,12.0,2026-01-08T00:00:00-05:00,2026-01-14T23:59:59-05:00
Walmart,7695979,Hamburger Helper,1.77,2026-01-08T00:00:00-05:00,2026-01-14T23:59:59-05:00
Walmart,7695979,Direct Link,,2026-01-08T00:00:00-05:00,2026-01-14T23:59:59-05:00
Walmart,7695979,Terra Delyssa extra virgin olive oil,10.97,2026-01-08T00:00:00-05:00,2026-01-14T23:59:59-05:00
Walmart,7695979,Tide liquid laundry detergent 65-100 loads,19.97,2026-01-08T00:00:00-05:00,2026-01-14T23:59:59-05:00
Walmart,7695979,Minute Maid apple juice boxes,2.96,2026-01-08T00:00:00-05:00,2026-01-14T23:59:59-05:00
Walmart,7695979,White cauliflower,3.98,2026-01-08T00:00:00-05:00,2026-01-14T23:59:59-05:00
Walmart,7695979,Walmart Canada rewards,,2026-01-08T00:00:00-05:00,2026-01-14T23:59:59-05:00
Walmart,7695979,Royale 2-ply bathroom tissue 24 = 48 rolls,12.97,2026-01-08T00:00:00-05:00,2026-01-14T23:59:59-05:00
Walmart,7695979,SUMM! appetizers 250 g - 350 g,4.96,2026-01-08T00:00:00-05:00,2026-01-14T23:59:59-05:00
Walmart,7695979,Astro yogurt tubs,9.0,2026-01-08T00:00:00-05:00,2026-01-14T23:59:59-05:00
Walmart,7695979,Black Diamond Cheestrings,5.98,2026-01-08T00:00:00-05:00,2026-01-14T23:59:59-05:00
Walmart,7695979,Maple Leaf flakes of chicken 156 g,1.97,2026-01-08T00:00:00-05:00,2026-01-14T23:59:59-05:00
Walmart,7695979,Pampers Easy Ups training pants superpack,26.98,2026-01-08T00:00:00-05:00,2026-01-14T23:59:59-05:00
Walmart,7695979,Tetley orange pekoe tea,8.97,2026-01-08T00:00:00-05:00,2026-01-14T23:59:59-05:00
Walmart,7695979,Your Fresh Market dips or hummus,2.98,2026-01-08T00:00:00-05:00,2026-01-14T23:59:59-05:00
Walmart,7695979,Maple Leaf Prime raised without antibiotics diced chicken breasts,13.0,2026-01-08T00:00:00-05:00,2026-01-14T23:59:59-05:00
Walmart,7695979,Ziploc freezer or sandwich bags,8.97,2026-01-08T00:00:00-05:00,2026-01-14T23:59:59-05:00
Walmart,7695979,Polident denture cleanser,8.48,2026-01-08T00:00:00-05:00,2026-01-14T23:59:59-05:00
Walmart,7695979,CHRISTIE cookies,6.0,2026-01-08T00:00:00-05:00,2026-01-14T23:59:59-05:00
Walmart,7695979,CHRISTIE crackers,8.0,2026-01-08T00:00:00-05:00,2026-01-14T23:59:59-05:00
Walmart,7695979,CHRISTIE RITZ to-go,4.97,2026-01-08T00:00:00-05:00,2026-01-14T23:59:59-05:00
Walmart,7695979,CADBURY MINI EGGS bags,10.0,2026-01-08T00:00:00-05:00,2026-01-14T23:59:59-05:00
Walmart,7695979,CHRISTIE RITZ to-go,4.97,2026-01-08T00:00:00-05:00,2026-01-14T23:59:59-05:00
Walmart,7695979,CADBURY DAIRY MILK sharing bars,10.0,2026-01-08T00:00:00-05:00,2026-01-14T23:59:59-05:00
Walmart,7695979,Tylenol Extra Strength Strength,10.17,2026-01-08T00:00:00-05:00,2026-01-14T23:59:59-05:00
Walmart,7695979,Bounty Select-A-Size paper towels 8=16 rolls,16.47,2026-01-08T00:00:00-05:00,2026-01-14T23:59:59-05:00
Walmart,7695979,CHRISTIE RITZ Drizzled minis,4.98,2026-01-08T00:00:00-05:00,2026-01-14T23:59:59-05:00
Walmart,7695979,Summer Fresh salads,7.98,2026-01-08T00:00:00-05:00,2026-01-14T23:59:59-05:00
Walmart,7695979,Trojan condoms,18.97,2026-01-08T00:00:00-05:00,2026-01-14T23:59:59-05:00
Walmart,7695979,CADBURY DAIRY MILK family bars,6.0,2026-01-08T00:00:00-05:00,2026-01-14T23:59:59-05:00
Walmart,7695979,CHRISTIE crackers,8.0,2026-01-08T00:00:00-05:00,2026-01-14T23:59:59-05:00
Walmart,7695979,Quaker instant oatmeal,5.0,2026-01-08T00:00:00-05:00,2026-01-14T23:59:59-05:00
Walmart,7695979,Annie's mac and cheese,1.77,2026-01-08T00:00:00-05:00,2026-01-14T23:59:59-05:00
Walmart,7695979,Cellucor C4 Original pre-workout,24.97,2026-01-08T00:00:00-05:00,2026-01-14T23:59:59-05:00
Walmart,7695979,CHRISTIE OREO CAKESTERS soft snack cakes,5.28,2026-01-08T00:00:00-05:00,2026-01-14T23:59:59-05:00
Walmart,7695979,CHRISTIE RITZ Drizzled minis,4.98,2026-01-08T00:00:00-05:00,2026-01-14T23:59:59-05:00
Walmart,7695979,CADBURY DAIRY MILK family bars,6.0,2026-01-08T00:00:00-05:00,2026-01-14T23:59:59-05:00
Walmart,7695979,Dove dry spray deodorant,7.97,2026-01-08T00:00:00-05:00,2026-01-14T23:59:59-05:00
Walmart,7695979,The Blue Whale pillow,5.47,2026-01-08T00:00:00-05:00,2026-01-14T23:59:59-05:00
Walmart,7695979,Barebells protein bars 4-pack,12.47,2026-01-08T00:00:00-05:00,2026-01-14T23:59:59-05:00
Walmart,7695979,CHRISTIE OREO CAKESTERS soft snack cakes,5.28,2026-01-08T00:00:00-05:00,2026-01-14T23:59:59-05:00
Walmart,7695979,Walmart Canada,,2026-01-08T00:00:00-05:00,2026-01-14T23:59:59-05:00
Walmart,7695979,Rascals premium super econo pack diapers,28.88,2026-01-08T00:00:00-05:00,2026-01-14T23:59:59-05:00
Walmart,7695979,"4"" x 6"" Next Day Prints",0.14,2026-01-08T00:00:00-05:00,2026-01-14T23:59:59-05:00
Walmart,7695979,Toblerone chocolate bar,14.67,2026-01-08T00:00:00-05:00,2026-01-14T23:59:59-05:00
Walmart,7695979,Colgate Total Advanced Health 120 mL toothpaste,3.97,2026-01-08T00:00:00-05:00,2026-01-14T23:59:59-05:00
Walmart,7695979,Colgate 360° Advanced or bamboo charcoal toothbrushes,3.97,2026-01-08T00:00:00-05:00,2026-01-14T23:59:59-05:00
Walmart,7695979,Dove body wash 591 mL,8.87,2026-01-08T00:00:00-05:00,2026-01-14T23:59:59-05:00
Walmart,7695979,AXE body spray,4.98,2026-01-08T00:00:00-05:00,2026-01-14T23:59:59-05:00
Walmart,7695979,Lay's chips 235 g or Tostitos tortilla chips 295 g,2.97,2026-01-08T00:00:00-05:00,2026-01-14T23:59:59-05:00
Walmart,7695979,"Spa Sensations 8"" memory foam mattress",299.97,2026-01-08T00:00:00-05:00,2026-01-14T23:59:59-05:00
Walmart,7695979,Ninjamas nighttime underwear,26.98,2026-01-08T00:00:00-05:00,2026-01-14T23:59:59-05:00
Walmart,7695979,Dove bar soap 6 x 106 g,8.87,2026-01-08T00:00:00-05:00,2026-01-14T23:59:59-05:00
Walmart,7695979,Pillsbury Toaster Strudel 6-pack,6.0,2026-01-08T00:00:00-05:00,2026-01-14T23:59:59-05:00
Walmart,7695979,Pillsbury Pizza Pops 4-pack,6.0,2026-01-08T00:00:00-05:00,2026-01-14T23:59:59-05:00
Walmart,7695979,Listerine mouthwash,5.47,2026-01-08T00:00:00-05:00,2026-01-14T23:59:59-05:00
Walmart,7695979,Maxwell House K-Cups 12s,8.97,2026-01-08T00:00:00-05:00,2026-01-14T23:59:59-05:00
Walmart,7695979,Large white eggs 12-pack,3.93,2026-01-08T00:00:00-05:00,2026-01-14T23:59:59-05:00
Walmart,7695979,Your Fresh Market™ fresh medium ground beef value pack,5.79,2026-01-08T00:00:00-05:00,2026-01-14T23:59:59-05:00
Walmart,7695979,Exercise mat,14.97,2026-01-08T00:00:00-05:00,2026-01-14T23:59:59-05:00
Walmart,7695979,CHRISTIE mini cookies,2.48,2026-01-08T00:00:00-05:00,2026-01-14T23:59:59-05:00
Walmart,7695979,"Nature Valley granola bars, Fibre 1 bars or Betty Crocker snacks",9.0,2026-01-08T00:00:00-05:00,2026-01-14T23:59:59-05:00
Walmart,7695979,Banner - Mondelez,,2026-01-08T00:00:00-05:00,2026-01-14T23:59:59-05:00
Walmart,7695979,Honey Nut Cheerios cereal,10.0,2026-01-08T00:00:00-05:00,2026-01-14T23:59:59-05:00
Walmart,7695979,Annie's macaroni and cheese,1.77,2026-01-08T00:00:00-05:00,2026-01-14T23:59:59-05:00
Walmart,7695979,Goldfish crackers,8.0,2026-01-08T00:00:00-05:00,2026-01-14T23:59:59-05:00
Walmart,7695979,K-Slim single-serve coffee maker,99.98,2026-01-08T00:00:00-05:00,2026-01-14T23:59:59-05:00
Walmart,7695979,Solid bath towel,3.97,2026-01-08T00:00:00-05:00,2026-01-14T23:59:59-05:00
Walmart,7695979,Nature Valley granola bars,9.0,2026-01-08T00:00:00-05:00,2026-01-14T23:59:59-05:00
Walmart,7695979,Activia Smoothie or Oikos yogurt drinks,1.44,2026-01-08T00:00:00-05:00,2026-01-14T23:59:59-05:00
Walmart,7695979,Tide Pods laundry detergent 45s-76s,19.97,2026-01-08T00:00:00-05:00,2026-01-14T23:59:59-05:00
Walmart,7695979,P.F. Chang's family size meals,9.77,2026-01-08T00:00:00-05:00,2026-01-14T23:59:59-05:00
Walmart,7695979,Quaker Crispy Minis,2.97,2026-01-08T00:00:00-05:00,2026-01-14T23:59:59-05:00
Walmart,7695979,Men's athletic sneakers,24.0,2026-01-08T00:00:00-05:00,2026-01-14T23:59:59-05:00
Walmart,7695979,Boost kids' nutritional supplement,12.97,2026-01-08T00:00:00-05:00,2026-01-14T23:59:59-05:00
Walmart,7695979,One A Day multivitamins 250s,21.97,2026-01-08T00:00:00-05:00,2026-01-14T23:59:59-05:00
Walmart,7695979,68 L Storage tote,9.97,2026-01-08T00:00:00-05:00,2026-01-14T23:59:59-05:00
Walmart,7695979,Your Fresh Market™ carrots,2.94,2026-01-08T00:00:00-05:00,2026-01-14T23:59:59-05:00
Walmart,7695979,Banner - General Mills,,2026-01-08T00:00:00-05:00,2026-01-14T23:59:59-05:00
Walmart,7695979,City building set,24.86,2026-01-08T00:00:00-05:00,2026-01-14T23:59:59-05:00
Walmart,7695979,Purina ONE dry dog food,44.97,2026-01-08T00:00:00-05:00,2026-01-14T23:59:59-05:00
Walmart,7695979,Creator building set,24.86,2026-01-08T00:00:00-05:00,2026-01-14T23:59:59-05:00
Walmart,7695979,Tylenol Complete 40s,16.97,2026-01-08T00:00:00-05:00,2026-01-14T23:59:59-05:00
Walmart,7695979,RestoraLAX powder 30 doses 510 g,21.97,2026-01-08T00:00:00-05:00,2026-01-14T23:59:59-05:00
Walmart,7695979,CHRISTIE mini cookies,2.48,2026-01-08T00:00:00-05:00,2026-01-14T23:59:59-05:00
Walmart,7695979,Old El Paso meal kit,4.47,2026-01-08T00:00:00-05:00,2026-01-14T23:59:59-05:00
Walmart,7695979,3-Drawer medium cart,22.47,2026-01-08T00:00:00-05:00,2026-01-14T23:59:59-05:00
Walmart,7695979,Your Fresh Market™ croissants,5.94,2026-01-08T00:00:00-05:00,2026-01-14T23:59:59-05:00
Walmart,7695979,Campbell's soup,0.98,2026-01-08T00:00:00-05:00,2026-01-14T23:59:59-05:00
Walmart,7695979,Great Value AA48 batteries,14.97,2026-01-08T00:00:00-05:00,2026-01-14T23:59:59-05:00
Walmart,7695979,broccoli stalks,3.98,2026-01-08T00:00:00-05:00,2026-01-14T23:59:59-05:00
Walmart,7695979,Apple Watch Series 11 GPS 42 mm,549.0,2026-01-08T00:00:00-05:00,2026-01-14T23:59:59-05:00
Walmart,7695979,"Cashmere bathroom tissue 30 = 62, 253 sheets per roll or UltraLuxe 20 = 60, 198 sheets per roll",14.97,2026-01-08T00:00:00-05:00,2026-01-14T23:59:59-05:00
Walmart,7695979,3 mm Yoga mat,5.98,2026-01-08T00:00:00-05:00,2026-01-14T23:59:59-05:00
Walmart,7695979,Campbell's soup,0.98,2026-01-08T00:00:00-05:00,2026-01-14T23:59:59-05:00
Walmart,7695979,3 mm Yoga mat,5.98,2026-01-08T00:00:00-05:00,2026-01-14T23:59:59-05:00
Walmart,7695979,Royale 2-ply bathroom tissue 24 = 48 rolls,12.97,2026-01-08T00:00:00-05:00,2026-01-14T23:59:59-05:00
Walmart,7695979,Walking pad,149.98,2026-01-08T00:00:00-05:00,2026-01-14T23:59:59-05:00
Walmart,7695979,"Cashmere bathroom tissue 30 = 62, 253 sheets per roll",14.97,2026-01-08T00:00:00-05:00,2026-01-14T23:59:59-05:00
Walmart,7695979,Toblerone chocolate bar,14.67,2026-01-08T00:00:00-05:00,2026-01-14T23:59:59-05:00
Walmart,7695979,Swanson family size meals,9.77,2026-01-08T00:00:00-05:00,2026-01-14T23:59:59-05:00
Walmart,7695979,Tylenol 20s,7.98,2026-01-08T00:00:00-05:00,2026-01-14T23:59:59-05:00
Walmart,7695979,Ziploc freezer or sandwich bags,8.97,2026-01-08T00:00:00-05:00,2026-01-14T23:59:59-05:00
Walmart,7695979,Cinnamon Toast Crunch cereal,10.0,2026-01-08T00:00:00-05:00,2026-01-14T23:59:59-05:00
Walmart,7695979,Annie's macaroni and cheese,1.77,2026-01-08T00:00:00-05:00,2026-01-14T23:59:59-05:00
Walmart,7695979,Annie's Super! Mac macaroni and cheese,1.77,2026-01-08T00:00:00-05:00,2026-01-14T23:59:59-05:00
Walmart,7695979,Annie's Super! Mac macaroni and cheese,1.77,2026-01-08T00:00:00-05:00,2026-01-14T23:59:59-05:00
Walmart,7695979,Old El Paso meal kit,4.47,2026-01-08T00:00:00-05:00,2026-01-14T23:59:59-05:00
Walmart,7695979,Great Value laundry detergent,4.97,2026-01-08T00:00:00-05:00,2026-01-14T23:59:59-05:00
Walmart,7695979,Crispy roti,3.94,2026-01-08T00:00:00-05:00,2026-01-14T23:59:59-05:00
Walmart,7695979,Barebells protein bars 4-pack,12.47,2026-01-08T00:00:00-05:00,2026-01-14T23:59:59-05:00
Walmart,7695979,Arm & Hammer baking soda,5.97,2026-01-08T00:00:00-05:00,2026-01-14T23:59:59-05:00
Walmart,7695979,Equate Plus Calories meal replacement shakes,10.97,2026-01-08T00:00:00-05:00,2026-01-14T23:59:59-05:00
Walmart,7695979,Spinach,1.97,2026-01-08T00:00:00-05:00,2026-01-14T23:59:59-05:00
Walmart,7695979,Arm & Hammer baking soda,3.47,2026-01-08T00:00:00-05:00,2026-01-14T23:59:59-05:00
Walmart,7695979,Banner - Pharmacy,,2026-01-08T00:00:00-05:00,2026-01-14T23:59:59-05:00
Walmart,7695979,Buckley's syrup,15.17,2026-01-08T00:00:00-05:00,2026-01-14T23:59:59-05:00
Walmart,7695979,Fit Crunch protein bars,10.97,2026-01-08T00:00:00-05:00,2026-01-14T23:59:59-05:00
Walmart,7695979,Advanced full synthetic motor oil,34.47,2026-01-08T00:00:00-05:00,2026-01-14T23:59:59-05:00
Walmart,7695979,Guava,3.48,2026-01-08T00:00:00-05:00,2026-01-14T23:59:59-05:00
Walmart,7695979,Opti-Free or Clear Care contact lens solution,11.27,2026-01-08T00:00:00-05:00,2026-01-14T23:59:59-05:00
Walmart,7695979,Banner - App Digital Coupons,,2026-01-08T00:00:00-05:00,2026-01-14T23:59:59-05:00
Walmart,7695979,Great Value concentrated bleach,3.87,2026-01-08T00:00:00-05:00,2026-01-14T23:59:59-05:00
Walmart,7695979,Great Value laundry detergent,4.97,2026-01-08T00:00:00-05:00,2026-01-14T23:59:59-05:00
Walmart,7695979,Banner - Pharmacy App,,2026-01-08T00:00:00-05:00,2026-01-14T23:59:59-05:00
Walmart,7695979,Great Value in-wash scent boosters,9.97,2026-01-08T00:00:00-05:00,2026-01-14T23:59:59-05:00
Walmart,7695979,Verka peanut gachak,3.47,2026-01-08T00:00:00-05:00,2026-01-14T23:59:59-05:00
Walmart,7695979,Banner - Rollback,,2026-01-08T00:00:00-05:00,2026-01-14T23:59:59-05:00
Walmart,7695979,Banner - Mastercard,,2026-01-08T00:00:00-05:00,2026-01-14T23:59:59-05:00
Walmart,7695979,Banner - Baby items,,2026-01-08T00:00:00-05:00,2026-01-14T23:59:59-05:00
Walmart,7695979,Banner - Laundry,,2026-01-08T00:00:00-05:00,2026-01-14T23:59:59-05:00
Walmart,7695979,Nintendo eShop gift card,,2026-01-08T00:00:00-05:00,2026-01-14T23:59:59-05:00
Walmart,7695979,Xtraflame firewood 0.75 cu. ft.,10.98,2026-01-08T00:00:00-05:00,2026-01-14T23:59:59-05:00
Walmart,7695979,Bikaji snacks,0.97,2026-01-08T00:00:00-05:00,2026-01-14T23:59:59-05:00
Walmart,7695979,Verka spicy para snacks,2.98,2026-01-08T00:00:00-05:00,2026-01-14T23:59:59-05:00
Walmart,7695979,Boursin cheese,6.47,2026-01-08T00:00:00-05:00,2026-01-14T23:59:59-05:00
Walmart,7695979,Great Value laundry detergent,9.97,2026-01-08T00:00:00-05:00,2026-01-14T23:59:59-05:00
Walmart,7695979,Bulk Roma tomatoes,2.44,2026-01-08T00:00:00-05:00,2026-01-14T23:59:59-05:00
Walmart,7695979,Pure Protein popped crisps,2.97,2026-01-08T00:00:00-05:00,2026-01-14T23:59:59-05:00
Walmart,7695979,TuffStore heavy duty storage totes,7.97,2026-01-08T00:00:00-05:00,2026-01-14T23:59:59-05:00
Walmart,7695979,Your Fresh Market™ sliced deli meat,9.0,2026-01-08T00:00:00-05:00,2026-01-14T23:59:59-05:00
Walmart,7695979,Bikaji snacks,0.97,2026-01-08T00:00:00-05:00,2026-01-14T23:59:59-05:00
Walmart,7695979,Diesel New Zealand whey protein powder,31.98,2026-01-08T00:00:00-05:00,2026-01-14T23:59:59-05:00
Walmart,7695979,Great Value dryer sheets 40s,2.97,2026-01-08T00:00:00-05:00,2026-01-14T23:59:59-05:00
Walmart,7695979,Green Giant frozen vegetables,10.0,2026-01-08T00:00:00-05:00,2026-01-14T23:59:59-05:00
Walmart,7695979,Great Value Oxi liquid laundry detergent,14.97,2026-01-08T00:00:00-05:00,2026-01-14T23:59:59-05:00
Walmart,7695979,CRAVE frozen entrees,12.0,2026-01-08T00:00:00-05:00,2026-01-14T23:59:59-05:00
Walmart,7695979,Alani Nu energy drink,2.97,2026-01-08T00:00:00-05:00,2026-01-14T23:59:59-05:00
Walmart,7695979,Black fitness flooring tiles 6-pack,14.97,2026-01-08T00:00:00-05:00,2026-01-14T23:59:59-05:00
Walmart,7695979,Avocados,3.94,2026-01-08T00:00:00-05:00,2026-01-14T23:59:59-05:00
Walmart,7695979,Direct Link En,,2026-01-08T00:00:00-05:00,2026-01-14T23:59:59-05:00
Walmart,7695979,Banner - Rollback,,2026-01-08T00:00:00-05:00,2026-01-14T23:59:59-05:00
Walmart,7695979,Great Value english muffins 6-pack,1.97,2026-01-08T00:00:00-05:00,2026-01-14T23:59:59-05:00
Walmart,7695979,Healthy Choice Gourmet Steamers frozen entrees,8.0,2026-01-08T00:00:00-05:00,2026-01-14T23:59:59-05:00
Walmart,7695979,Bulk Gala or Ambrosia apples,1.97,2026-01-08T00:00:00-05:00,2026-01-14T23:59:59-05:00
Walmart,7695979,Colgate Optic White Advanced 73 mL,3.97,2026-01-08T00:00:00-05:00,2026-01-14T23:59:59-05:00
Walmart,7695979,Nordica cottage cheese,3.48,2026-01-08T00:00:00-05:00,2026-01-14T23:59:59-05:00
Walmart,7695979,Verka roasted peanuts,4.47,2026-01-08T00:00:00-05:00,2026-01-14T23:59:59-05:00
Walmart,7695979,Chapman's premium frozen tubs 2 L,5.97,2026-01-08T00:00:00-05:00,2026-01-14T23:59:59-05:00
Walmart,7695979,Great Value frozen fruit,4.66,2026-01-08T00:00:00-05:00,2026-01-14T23:59:59-05:00
Walmart,7695979,"Janes Pub Style breaded chicken nuggets, strips or burgers",7.97,2026-01-08T00:00:00-05:00,2026-01-14T23:59:59-05:00
Walmart,7695979,Banner - Mastercard,,2026-01-08T00:00:00-05:00,2026-01-14T23:59:59-05:00
Walmart,7695979,Swiss Chalet fully cooked pork back ribs,10.76,2026-01-08T00:00:00-05:00,2026-01-14T23:59:59-05:00
Walmart,7695979,Oikos yogurt drinks,1.44,2026-01-08T00:00:00-05:00,2026-01-14T23:59:59-05:00
Walmart,7695979,Listerine mouthwash,5.47,2026-01-08T00:00:00-05:00,2026-01-14T23:59:59-05:00
Walmart,7695979,Purina ONE dry cat food,11.98,2026-01-08T00:00:00-05:00,2026-01-14T23:59:59-05:00
Walmart,7695979,Your Fresh Market™ yellow onions,2.94,2026-01-08T00:00:00-05:00,2026-01-14T23:59:59-05:00
Walmart,7695979,10-lb. - 50-lb. Adjustable dumbbell set,148.98,2026-01-08T00:00:00-05:00,2026-01-14T23:59:59-05:00
Walmart,7695979,Ben's Original Bistro Express rice,8.0,2026-01-08T00:00:00-05:00,2026-01-14T23:59:59-05:00
Walmart,7695979,Your Fresh Market™ bagels,2.47,2026-01-08T00:00:00-05:00,2026-01-14T23:59:59-05:00
Walmart,7695979,Sitara basmati rice,7.84,2026-01-08T00:00:00-05:00,2026-01-14T23:59:59-05:00
Walmart,7695979,Banner - Lohri,,2026-01-08T00:00:00-05:00,2026-01-14T23:59:59-05:00
Walmart,7695979,Clear Care contact lens solution,11.27,2026-01-08T00:00:00-05:00,2026-01-14T23:59:59-05:00
Walmart,7695979,Arm & Hammer double duty litter deodorizer,4.98,2026-01-08T00:00:00-05:00,2026-01-14T23:59:59-05:00
Walmart,7695979,Crispy roti,3.94,2026-01-08T00:00:00-05:00,2026-01-14T23:59:59-05:00
Walmart,7695979,"Muskoka 19.5"" stainless steel smokeless wood burning fire pit with protective cover",248.0,2026-01-08T00:00:00-05:00,2026-01-14T23:59:59-05:00
Walmart,7695979,Trojan condoms,18.97,2026-01-08T00:00:00-05:00,2026-01-14T23:59:59-05:00
Walmart,7695979,Nordica cottage cheese,3.48,2026-01-08T00:00:00-05:00,2026-01-14T23:59:59-05:00
Walmart,7695979,Reser's salads 454 g,4.96,2026-01-08T00:00:00-05:00,2026-01-14T23:59:59-05:00
Walmart,7695979,Your Fresh Market™ BBQ or herb & garlic chicken,9.77,2026-01-08T00:00:00-05:00,2026-01-14T23:59:59-05:00
Walmart,7695979,Maple Leaf fresh lean ground pork,4.97,2026-01-08T00:00:00-05:00,2026-01-14T23:59:59-05:00
Walmart,7695979,Arm & Hammer clean fresh scent laundry detergent,6.97,2026-01-08T00:00:00-05:00,2026-01-14T23:59:59-05:00
Walmart,7695979,Pillsbury Pizza Pops 30-pack,16.97,2026-01-08T00:00:00-05:00,2026-01-14T23:59:59-05:00
Walmart,7695979,Great Value sliced bread,2.48,2026-01-08T00:00:00-05:00,2026-01-14T23:59:59-05:00
Walmart,7695979,Healthy Choice Gourmet Steamers frozen entrees,8.0,2026-01-08T00:00:00-05:00,2026-01-14T23:59:59-05:00
Walmart,7695979,Pure Protein popped crisps,2.97,2026-01-08T00:00:00-05:00,2026-01-14T23:59:59-05:00
Walmart,7695979,Bausch + Lomb Sensitive Eyes multi-purpose lens solution 2-pack,14.78,2026-01-08T00:00:00-05:00,2026-01-14T23:59:59-05:00
Walmart,7695979,Navel oranges,5.98,2026-01-08T00:00:00-05:00,2026-01-14T23:59:59-05:00
Walmart,7695979,Banner - Rollback,,2026-01-08T00:00:00-05:00,2026-01-14T23:59:59-05:00
Walmart,7695979,Prime raised without antibiotics boneless skinless chicken breasts,11.94,2026-01-08T00:00:00-05:00,2026-01-14T23:59:59-05:00
Walmart,7695979,Pure Balance dog treats,19.97,2026-01-08T00:00:00-05:00,2026-01-14T23:59:59-05:00
Walmart,7695979,Verka namak para snacks,2.98,2026-01-08T00:00:00-05:00,2026-01-14T23:59:59-05:00
Walmart,7695979,Equate Epsom salts,7.97,2026-01-08T00:00:00-05:00,2026-01-14T23:59:59-05:00
Walmart,7695979,Google Play gift card,,2026-01-08T00:00:00-05:00,2026-01-14T23:59:59-05:00
Walmart,7695979,Banner - Gamer IPP,,2026-01-08T00:00:00-05:00,2026-01-14T23:59:59-05:00
Walmart,7695979,Arm & Hammer Clump & Seal Cloud Control cat litter,27.46,2026-01-08T00:00:00-05:00,2026-01-14T23:59:59-05:00
Walmart,7695979,PlayStation gift card,,2026-01-08T00:00:00-05:00,2026-01-14T23:59:59-05:00
Walmart,7695979,Great Value fabric softener,6.97,2026-01-08T00:00:00-05:00,2026-01-14T23:59:59-05:00
Walmart,7695979,Xbox gift card,,2026-01-08T00:00:00-05:00,2026-01-14T23:59:59-05:00
Walmart,7695979,Roblox gift card,,2026-01-08T00:00:00-05:00,2026-01-14T23:59:59-05:00
Walmart,7695979,Banner - Free Delivery,,2026-01-08T00:00:00-05:00,2026-01-14T23:59:59-05:00
Walmart,7695979,Banner - Partner Offers,,2026-01-08T00:00:00-05:00,2026-01-14T23:59:59-05:00
Walmart,7695979,Banner - Rollback,,2026-01-08T00:00:00-05:00,2026-01-14T23:59:59-05:00
Walmart,7695979,Banner - Arm & Hammer,,2026-01-08T00:00:00-05:00,2026-01-14T23:59:59-05:00
Walmart,7695979,Banner - Free prescription delivery,,2026-01-08T00:00:00-05:00,2026-01-14T23:59:59-05:00
Walmart,7695979,Opti-Free or Clear Care contact lens solution,11.27,2026-01-08T00:00:00-05:00,2026-01-14T23:59:59-05:00
Walmart,7695979,Ensure High Protein or Plus Calories nutritional liquid,35.47,2026-01-08T00:00:00-05:00,2026-01-14T23:59:59-05:00
Walmart,7695979,Equate incontinence underwear value pack,27.98,2026-01-08T00:00:00-05:00,2026-01-14T23:59:59-05:00
Walmart,7695979,Ensure Plus Calories nutritional liquid,35.47,2026-01-08T00:00:00-05:00,2026-01-14T23:59:59-05:00
Walmart,7695979,Arm & Hammer Power Sheets laundry detergent sheets,12.97,2026-01-08T00:00:00-05:00,2026-01-14T23:59:59-05:00
Walmart,7695979,Arm & Hammer Cold Water laundry detergent,19.97,2026-01-08T00:00:00-05:00,2026-01-14T23:59:59-05:00
Walmart,7695979,Great Value Pure & Gentle dryer sheets 80s,3.97,2026-01-08T00:00:00-05:00,2026-01-14T23:59:59-05:00
Walmart,7695979,Great Value laundry detergent,4.97,2026-01-08T00:00:00-05:00,2026-01-14T23:59:59-05:00
Walmart,7695979,Great Value in-wash scent boosters,9.97,2026-01-08T00:00:00-05:00,2026-01-14T23:59:59-05:00
Walmart,7695979,Panni 3-in-1 Cordless Stick Vacuum,119.98,2026-01-08T00:00:00-05:00,2026-01-14T23:59:59-05:00
Walmart,7695979,Samsung Galaxy Fit3,52.99,2026-01-08T00:00:00-05:00,2026-01-14T23:59:59-05:00
Walmart,7695979,Bear Paws cookies,2.28,2026-01-08T00:00:00-05:00,2026-01-14T23:59:59-05:00
Walmart,7695979,Mastercard,,2026-01-08T00:00:00-05:00,2026-01-14T23:59:59-05:00
Walmart,7695979,"SENIX 40V 13"" Cordless Snow Shovel",211.0,2026-01-08T00:00:00-05:00,2026-01-14T23:59:59-05:00
Walmart,7695979,Adults' lace-up sneakers,19.0,2026-01-08T00:00:00-05:00,2026-01-14T23:59:59-05:00
Walmart,7695979,Barilla pasta,1.78,2026-01-08T00:00:00-05:00,2026-01-14T23:59:59-05:00
Walmart,7695979,Ben's Original Bistro Express rice,8.0,2026-01-08T00:00:00-05:00,2026-01-14T23:59:59-05:00
Walmart,7695979,Cellucor C4 Sport or Original pre-workout,24.97,2026-01-08T00:00:00-05:00,2026-01-14T23:59:59-05:00
Walmart,7695979,"SENIX 40V 13"" Cordless Snow Shovel",211.0,2026-01-08T00:00:00-05:00,2026-01-14T23:59:59-05:00
Walmart,7695979,Arm & Hammer HardBall lightweight cat litter,27.46,2026-01-08T00:00:00-05:00,2026-01-14T23:59:59-05:00
Walmart,7695979,Pooboo Foldable Weight Bench Adjustable Incline Bench Strength Training Bench for Full Body,145.55,2026-01-08T00:00:00-05:00,2026-01-14T23:59:59-05:00
Walmart,7695979,Pooboo Foldable Weight Bench Adjustable Incline Bench Strength Training Bench for Full Body,145.55,2026-01-08T00:00:00-05:00,2026-01-14T23:59:59-05:00
Walmart,7695979,Samsung Galaxy Tab S11 Ultra 512GB with S Pen,1254.99,2026-01-08T00:00:00-05:00,2026-01-14T23:59:59-05:00
Walmart,7695979,Great Value english muffins 6-pack Pack,1.97,2026-01-08T00:00:00-05:00,2026-01-14T23:59:59-05:00
Walmart,7695979,Core Power high protein shake,3.97,2026-01-08T00:00:00-05:00,2026-01-14T23:59:59-05:00
Walmart,7695979,68 L Storage tote,9.97,2026-01-08T00:00:00-05:00,2026-01-14T23:59:59-05:00
Walmart,7695979,Quaker Crispy Minis,2.97,2026-01-08T00:00:00-05:00,2026-01-14T23:59:59-05:00
Walmart,7695979,Long squash,1.27,2026-01-08T00:00:00-05:00,2026-01-14T23:59:59-05:00
Walmart,7695979,Flash Deals EN-1,,2026-01-08T00:00:00-05:00,2026-01-14T23:59:59-05:00
Walmart,7695979,Great Value Oxi stain remover powder,8.97,2026-01-08T00:00:00-05:00,2026-01-14T23:59:59-05:00
Walmart,7695979,Washcloth,0.97,2026-01-08T00:00:00-05:00,2026-01-14T23:59:59-05:00
Walmart,7695979,Great Value laundry detergent,9.97,2026-01-08T00:00:00-05:00,2026-01-14T23:59:59-05:00
Walmart,7695979,Arm & Hammer Slide clumping cat litter,32.98,2026-01-08T00:00:00-05:00,2026-01-14T23:59:59-05:00
Walmart,7695979,Eagle Brand condensed milk,3.17,2026-01-08T00:00:00-05:00,2026-01-14T23:59:59-05:00
Walmart,7695979,MERACH Smart Recumbent Exercise Bike with Bluetooth,269.99,2026-01-08T00:00:00-05:00,2026-01-14T23:59:59-05:00
Walmart,7695979,Astro yogurt tubs,9.0,2026-01-08T00:00:00-05:00,2026-01-14T23:59:59-05:00
Walmart,7695979,Great Value bagels 6-pack Pack,2.24,2026-01-08T00:00:00-05:00,2026-01-14T23:59:59-05:00
Walmart,7695979,Verka brown sugar,9.27,2026-01-08T00:00:00-05:00,2026-01-14T23:59:59-05:00
Walmart,7695979,Fit Crunch protein bars,10.97,2026-01-08T00:00:00-05:00,2026-01-14T23:59:59-05:00
Walmart,7695979,Banner - Health & wellness items,,2026-01-08T00:00:00-05:00,2026-01-14T23:59:59-05:00
Walmart,7695979,MERACH Smart Recumbent Exercise Bike with Bluetooth,269.99,2026-01-08T00:00:00-05:00,2026-01-14T23:59:59-05:00
Walmart,7695979,Samsung Galaxy Fit3,52.99,2026-01-08T00:00:00-05:00,2026-01-14T23:59:59-05:00
Walmart,7695979,Samsung Galaxy Tab S11 Ultra 512GB with S Pen,1254.99,2026-01-08T00:00:00-05:00,2026-01-14T23:59:59-05:00
Walmart,7695979,6-Speed blender,19.98,2026-01-08T00:00:00-05:00,2026-01-14T23:59:59-05:00
Walmart,7695979,Alani Nu energy drink,2.97,2026-01-08T00:00:00-05:00,2026-01-14T23:59:59-05:00
Walmart,7695979,Buckley's syrup,15.17,2026-01-08T00:00:00-05:00,2026-01-14T23:59:59-05:00
Walmart,7695979,Benylin 100 mL,7.98,2026-01-08T00:00:00-05:00,2026-01-14T23:59:59-05:00
Walmart,7695979,Swiss Chalet fully cooked pork back ribs,10.76,2026-01-08T00:00:00-05:00,2026-01-14T23:59:59-05:00
Walmart,7695979,Sohna spinach puree,3.98,2026-01-08T00:00:00-05:00,2026-01-14T23:59:59-05:00
Walmart,7695979,Boost kids' nutritional supplement,12.97,2026-01-08T00:00:00-05:00,2026-01-14T23:59:59-05:00
Walmart,7695979,EN_1500x368_Aivituvin-1,,2026-01-08T00:00:00-05:00,2026-01-14T23:59:59-05:00
Walmart,7695979,Advil Liqui-Gels value pack,24.63,2026-01-08T00:00:00-05:00,2026-01-14T23:59:59-05:00
Walmart,7695979,Verka besan gram flour,4.98,2026-01-08T00:00:00-05:00,2026-01-14T23:59:59-05:00
Walmart,7695979,Verka paneer,4.27,2026-01-08T00:00:00-05:00,2026-01-14T23:59:59-05:00
Walmart,7695979,Pure Protein popped crisps,2.97,2026-01-08T00:00:00-05:00,2026-01-14T23:59:59-05:00
Walmart,7695979,Equate Plus Calories meal replacement shakes,10.97,2026-01-08T00:00:00-05:00,2026-01-14T23:59:59-05:00
Walmart,7695979,K-Slim single-serve coffee maker,99.98,2026-01-08T00:00:00-05:00,2026-01-14T23:59:59-05:00
Walmart,7695979,Pepsi,14.0,2026-01-08T00:00:00-05:00,2026-01-14T23:59:59-05:00
Walmart,7695979,Speed Champions building set,34.86,2026-01-08T00:00:00-05:00,2026-01-14T23:59:59-05:00
Walmart,7695979,Benylin All-ln-One 270 mL,16.97,2026-01-08T00:00:00-05:00,2026-01-14T23:59:59-05:00
Walmart,7695979,Bausch + Lomb Renu or Sensitive Eyes multi-purpose lens solution 2-pack,14.78,2026-01-08T00:00:00-05:00,2026-01-14T23:59:59-05:00
Walmart,7695979,Great Value fabric softener,7.97,2026-01-08T00:00:00-05:00,2026-01-14T23:59:59-05:00
Walmart,7695979,Banner - Klarna,,2026-01-08T00:00:00-05:00,2026-01-14T23:59:59-05:00
Walmart,7695979,Great Value dryer sheets 120s,4.97,2026-01-08T00:00:00-05:00,2026-01-14T23:59:59-05:00
Walmart,7695979,One A Day multivitamins 250s,21.97,2026-01-08T00:00:00-05:00,2026-01-14T23:59:59-05:00
Walmart,7695979,Panni 3-in-1 Cordless Stick Vacuum,119.98,2026-01-08T00:00:00-05:00,2026-01-14T23:59:59-05:00
Walmart,7695979,Creator building set,24.86,2026-01-08T00:00:00-05:00,2026-01-14T23:59:59-05:00
Walmart,7695979,Real Dairy confectionery tubs,5.44,2026-01-08T00:00:00-05:00,2026-01-14T23:59:59-05:00
Walmart,7695979,PrettyLitter cat litter,34.98,2026-01-08T00:00:00-05:00,2026-01-14T23:59:59-05:00
Walmart,7695979,Royale facial tissue,19.97,2026-01-08T00:00:00-05:00,2026-01-14T23:59:59-05:00
Walmart,7695979,Hungry-Man frozen entrees,4.47,2026-01-08T00:00:00-05:00,2026-01-14T23:59:59-05:00
Walmart,7695979,PrettyLitter cat litter,34.98,2026-01-08T00:00:00-05:00,2026-01-14T23:59:59-05:00
Walmart,7695979,Parent's Choice milk-based infant formula,24.94,2026-01-08T00:00:00-05:00,2026-01-14T23:59:59-05:00
Walmart,7695979,Banner - Pet items,,2026-01-08T00:00:00-05:00,2026-01-14T23:59:59-05:00
Walmart,7695979,Banner - Rollback,,2026-01-08T00:00:00-05:00,2026-01-14T23:59:59-05:00
Walmart,7695979,Swiffer PowerMop starter kit,29.97,2026-01-08T00:00:00-05:00,2026-01-14T23:59:59-05:00
Walmart,7695979,Dove or Dove Men+Care dry spray deodorant,7.97,2026-01-08T00:00:00-05:00,2026-01-14T23:59:59-05:00
No Frills,7689797,"ZIGGY'S® SLICED MEAT, 175 g",3.0,2026-01-08T00:00:00-05:00,2026-01-14T23:59:59-05:00
No Frills,7689797,"STRAWBERRIES, 1 LB CLAMS BLACKBERRIES, 6 OZ CLAMSHELL or BLUEBERRIES, PINT",3.99,2026-01-08T00:00:00-05:00,2026-01-14T23:59:59-05:00
No Frills,7689797,LEAN GROUND BEEF AND PORK,7.0,2026-01-08T00:00:00-05:00,2026-01-14T23:59:59-05:00
No Frills,7689797,RED or GREEN SEEDLESS GRAPES CHERRIES,3.99,2026-01-08T00:00:00-05:00,2026-01-14T23:59:59-05:00
No Frills,7689797,"ASTRO, iÖGO, 650/750 g, LIBERTÉ GREEK, 4' s YOGURT or PILLSBURY REFRIGERATED DOUGH, 340-468 g",3.0,2026-01-08T00:00:00-05:00,2026-01-14T23:59:59-05:00
No Frills,7689797,"PC® CHICKEN THIGHS, 870 G",8.0,2026-01-08T00:00:00-05:00,2026-01-14T23:59:59-05:00
No Frills,7689797,"HÄAGEN-DAZS ICE CREAM, 450 ML or NOVELTIES, 3/4' s",5.5,2026-01-08T00:00:00-05:00,2026-01-14T23:59:59-05:00
No Frills,7689797,"WONG WING or ASIAN INSPIRATIONS ENTRÉES, 400 G",4.99,2026-01-08T00:00:00-05:00,2026-01-14T23:59:59-05:00
No Frills,7689797,"WONDER BREAD, 675 G OR BUNS, 8'S",2.5,2026-01-08T00:00:00-05:00,2026-01-14T23:59:59-05:00
No Frills,7689797,"CATELLI GLUTEN-FREE PASTA, 300/340 G",2.79,2026-01-08T00:00:00-05:00,2026-01-14T23:59:59-05:00
No Frills,7689797,"KRAFT CHEEZ WHIZ, 450 g",3.99,2026-01-08T00:00:00-05:00,2026-01-14T23:59:59-05:00
No Frills,7689797,"LACTANTIA BUTTER, 454 g",5.99,2026-01-08T00:00:00-05:00,2026-01-14T23:59:59-05:00
No Frills,7689797,"STARBUCKS COFFEE ENHANCER, 828 ML",7.0,2026-01-08T00:00:00-05:00,2026-01-14T23:59:59-05:00
No Frills,7689797,"ACORN, BUTTERNUT, BUTTERCUP or SPAGHETTI SQUASH",1.69,2026-01-08T00:00:00-05:00,2026-01-14T23:59:59-05:00
No Frills,7689797,"ULTIMATE DINNER or BREAKFAST CHICKEN SAUSAGE or PC® SAUSAGES, , 375/500 g",6.49,2026-01-08T00:00:00-05:00,2026-01-14T23:59:59-05:00
No Frills,7689797,"RISTORANTE or CASA DI MAMA PIZZA, 320-410 G",4.0,2026-01-08T00:00:00-05:00,2026-01-14T23:59:59-05:00
No Frills,7689797,"JANES COSMIC CHICKEN NUGGETS, 500 g",3.5,2026-01-08T00:00:00-05:00,2026-01-14T23:59:59-05:00
No Frills,7689797,"QUAKER DIPPS or CHEWY GRANOLA BARS, 120-156 g",2.29,2026-01-08T00:00:00-05:00,2026-01-14T23:59:59-05:00
No Frills,7689797,"CAVENDISH PREMIUM FRIES, 400-750 G",3.5,2026-01-08T00:00:00-05:00,2026-01-14T23:59:59-05:00
No Frills,7689797,"CATELLI SMART OR HEALTHY HARVEST PASTA, 340/375 G",1.5,2026-01-08T00:00:00-05:00,2026-01-14T23:59:59-05:00
No Frills,7689797,"KELLOG'S EGGO WAFFLE'S 8's, 270/280 G",2.25,2026-01-08T00:00:00-05:00,2026-01-14T23:59:59-05:00
No Frills,7689797,"RED, YELLOW OR RUSSET POTATOES, 10 LB BAG",3.99,2026-01-08T00:00:00-05:00,2026-01-14T23:59:59-05:00
No Frills,7689797,"HOLIDAY LUNCHEON MEAT, 340 g or MAPLE LEAF FLAKES, 156 g",2.0,2026-01-08T00:00:00-05:00,2026-01-14T23:59:59-05:00
No Frills,7689797,"COCA-COLA OR PEPSI SOFT DRINKS, 6x710 ML",4.0,2026-01-08T00:00:00-05:00,2026-01-14T23:59:59-05:00
No Frills,7689797,"PC® DINNER ENTRÉES, 212-365 G",4.0,2026-01-08T00:00:00-05:00,2026-01-14T23:59:59-05:00
No Frills,7689797,"PC® ROAST AND GROUND COFFEE, 800-930 G, WHOLE BEAN, 820/907 G or PODS, 30' s",22.0,2026-01-08T00:00:00-05:00,2026-01-14T23:59:59-05:00
No Frills,7689797,"CAMPBELL'S CHUNKY SOUP, 515 ML",2.25,2026-01-08T00:00:00-05:00,2026-01-14T23:59:59-05:00
No Frills,7689797,nofrills,,2026-01-08T00:00:00-05:00,2026-01-14T23:59:59-05:00
No Frills,7689797,"PC® BUTTER QUARTERS, 454 G",,2026-01-08T00:00:00-05:00,2026-01-14T23:59:59-05:00
No Frills,7689797,"PC® ORANGE JUICE, 1.54 L",,2026-01-08T00:00:00-05:00,2026-01-14T23:59:59-05:00
No Frills,7689797,NO NAME® SOUR CREAM,,2026-01-08T00:00:00-05:00,2026-01-14T23:59:59-05:00
No Frills,7689797,"NO NAME® FLOUR, 2.5 kg",,2026-01-08T00:00:00-05:00,2026-01-14T23:59:59-05:00
No Frills,7689797,NO NAME® STRAWBERRY JAM,,2026-01-08T00:00:00-05:00,2026-01-14T23:59:59-05:00
No Frills,7689797,"NO NAME® VINEGAR, 4 L",,2026-01-08T00:00:00-05:00,2026-01-14T23:59:59-05:00
No Frills,7689797,"NO NAME® MICROWAVE POPCORN, 6 x 82 g",,2026-01-08T00:00:00-05:00,2026-01-14T23:59:59-05:00
No Frills,7689797,"T&T® FROZEN POTSTICKERS, 567 G",,2026-01-08T00:00:00-05:00,2026-01-14T23:59:59-05:00
No Frills,7689797,"PC® PROBIOTIC YOGURT, 650 G",,2026-01-08T00:00:00-05:00,2026-01-14T23:59:59-05:00
No Frills,7689797,"NO NAME® DICED TOMATOES, 796 ML",,2026-01-08T00:00:00-05:00,2026-01-14T23:59:59-05:00
No Frills,7689797,"NO NAME® CHEESE BARS, 400 G",,2026-01-08T00:00:00-05:00,2026-01-14T23:59:59-05:00
No Frills,7689797,KUHN RIKON SWISS DESIGN OVENWARE,,2026-01-08T00:00:00-05:00,2026-01-14T23:59:59-05:00
No Frills,7689797,"CHRISTIE CRACKERS, 180-200 G",2.0,2026-01-08T00:00:00-05:00,2026-01-14T23:59:59-05:00
No Frills,7689797,"NEILSON TRUTASTE MILK, 4 L",4.99,2026-01-08T00:00:00-05:00,2026-01-14T23:59:59-05:00
No Frills,7689797,"NO NAME® CHIPS, 200 g",,2026-01-08T00:00:00-05:00,2026-01-14T23:59:59-05:00
No Frills,7689797,"PC® DINNER ENTRÉES, 907 g-1.13 kg",7.0,2026-01-08T00:00:00-05:00,2026-01-14T23:59:59-05:00
No Frills,7689797,"PC® ORANGE JUICE, 2.5 L",6.5,2026-01-08T00:00:00-05:00,2026-01-14T23:59:59-05:00
No Frills,7689797,ALLEN'S FRUIT COCKTAIL,1.25,2026-01-08T00:00:00-05:00,2026-01-14T23:59:59-05:00
No Frills,7689797,"PC® CHOCOLATE COVERED NUTS, 340-400 g",,2026-01-08T00:00:00-05:00,2026-01-14T23:59:59-05:00
No Frills,7689797,"NO NAME® CHOCOLATE CHIP COOKIES, 907 G",4.5,2026-01-08T00:00:00-05:00,2026-01-14T23:59:59-05:00
No Frills,7689797,"NO NAME® POTATO CHIPS, 200 G",1.49,2026-01-08T00:00:00-05:00,2026-01-14T23:59:59-05:00
No Frills,7689797,"NO NAME® GRANOLA BARS, 120-175 G",2.29,2026-01-08T00:00:00-05:00,2026-01-14T23:59:59-05:00
No Frills,7689797,"NO NAME® BROTH, 900 ML",1.5,2026-01-08T00:00:00-05:00,2026-01-14T23:59:59-05:00
No Frills,7689797,"NO NAME® EVAPORATED MILK, 354 mL",1.75,2026-01-08T00:00:00-05:00,2026-01-14T23:59:59-05:00
No Frills,7689797,"NO NAME® CHICKEN STRIPS or NUGGETS, 908 g",6.0,2026-01-08T00:00:00-05:00,2026-01-14T23:59:59-05:00
No Frills,7689797,NO NAME 4 oz BEEF BURGERS,14.0,2026-01-08T00:00:00-05:00,2026-01-14T23:59:59-05:00
No Frills,7689797,"NO NAME® NATURALLY IMPERFECT™ APPLES, 6 LB BAG",6.0,2026-01-08T00:00:00-05:00,2026-01-14T23:59:59-05:00
No Frills,7689797,"NO NAME® JUICE BOXES, 8/10x200 mL",3.0,2026-01-08T00:00:00-05:00,2026-01-14T23:59:59-05:00
No Frills,7689797,"NO NAME® FROZEN FRUIT, 400 g",3.0,2026-01-08T00:00:00-05:00,2026-01-14T23:59:59-05:00
No Frills,7689797,"NO NAME® NACHO CHEESE TORTILLA CHIPS, 200 g",2.5,2026-01-08T00:00:00-05:00,2026-01-14T23:59:59-05:00
No Frills,7689797,"NO NAME® COTTAGE CHEESE, 500 g",3.0,2026-01-08T00:00:00-05:00,2026-01-14T23:59:59-05:00
No Frills,7689797,"PINTY'S CHICKEN BREASTS 600 g, THIGHS 640 g or DRUMSTICKS 950 g",9.99,2026-01-08T00:00:00-05:00,2026-01-14T23:59:59-05:00
No Frills,7689797,"NO NAME® MAYONNAISE, 890 mL",,2026-01-08T00:00:00-05:00,2026-01-14T23:59:59-05:00
No Frills,7689797,"CLASSICO PASTA SAUCE, 410/600 mL",3.27,2026-01-08T00:00:00-05:00,2026-01-14T23:59:59-05:00
No Frills,7689797,ORANGES,0.88,2026-01-08T00:00:00-05:00,2026-01-14T23:59:59-05:00
No Frills,7689797,"NO NAME® WINDSHIELD WASHER FLUID, 3.78 L",,2026-01-08T00:00:00-05:00,2026-01-14T23:59:59-05:00
No Frills,7689797,"GAY LEA SOUR CREAM 425/500 ML or CHEEMO PEROGIES, 745-907 G",2.0,2026-01-08T00:00:00-05:00,2026-01-14T23:59:59-05:00
No Frills,7689797,"PC® MINI MUFFINS, 336 G",,2026-01-08T00:00:00-05:00,2026-01-14T23:59:59-05:00
No Frills,7689797,"PC® MAX STRENGTH AND THICKNESS PAPER TOWELS, 3 = 6 Rolls",,2026-01-08T00:00:00-05:00,2026-01-14T23:59:59-05:00
No Frills,7689797,"PC® NAAN ROUNDS, 480 G",,2026-01-08T00:00:00-05:00,2026-01-14T23:59:59-05:00
No Frills,7689797,"SCHNEIDERS or MAPLE LEAF BACON, , 65/375 G",4.0,2026-01-08T00:00:00-05:00,2026-01-14T23:59:59-05:00
No Frills,7689797,"PC® PASTA SAUCE, 410/650 mL",,2026-01-08T00:00:00-05:00,2026-01-14T23:59:59-05:00
No Frills,7689797,RED MANGOES,7.77,2026-01-08T00:00:00-05:00,2026-01-14T23:59:59-05:00
No Frills,7689797,"NO NAME® PEANUT BUTTER, 1 KG",,2026-01-08T00:00:00-05:00,2026-01-14T23:59:59-05:00
No Frills,7689797,PC® SMOKIES,,2026-01-08T00:00:00-05:00,2026-01-14T23:59:59-05:00
No Frills,7689797,"PC® 100% JUICE, 1 L",,2026-01-08T00:00:00-05:00,2026-01-14T23:59:59-05:00
No Frills,7689797,"NO NAME® TUNA, 85/170 G",1.0,2026-01-08T00:00:00-05:00,2026-01-14T23:59:59-05:00
No Frills,7689797,"SCHNEIDERS OR MAPLE LEAF BACON, 65/375 G",5.25,2026-01-08T00:00:00-05:00,2026-01-14T23:59:59-05:00
No Frills,7689797,"AVOCADOS OR CANTALOUPE, PKG OF 5",1.99,2026-01-08T00:00:00-05:00,2026-01-14T23:59:59-05:00
No Frills,7689797,"PC® MAPLE SYRUP, 500 mL",,2026-01-08T00:00:00-05:00,2026-01-14T23:59:59-05:00
No Frills,7689797,"FARMER'S MARKET™ CARROTS or YELLOW ONIONS, 3 LB BAG",1.44,2026-01-08T00:00:00-05:00,2026-01-14T23:59:59-05:00
No Frills,7689797,"PC® SPLENDIDO® OLIVE OIL, 1 L",,2026-01-08T00:00:00-05:00,2026-01-14T23:59:59-05:00
No Frills,7689797,"DAN-D PAK CASHEWS, 908 G",12.88,2026-01-08T00:00:00-05:00,2026-01-14T23:59:59-05:00
No Frills,7689797,PORK HALF LOIN,1.99,2026-01-08T00:00:00-05:00,2026-01-14T23:59:59-05:00
No Frills,7689797,No Frills,,2026-01-08T00:00:00-05:00,2026-01-14T23:59:59-05:00
No Frills,7689797,EMAIL,,2026-01-08T00:00:00-05:00,2026-01-14T23:59:59-05:00
No Frills,7689797,COUPONS,,2026-01-08T00:00:00-05:00,2026-01-14T23:59:59-05:00
No Frills,7689797,COUPONS,,2026-01-08T00:00:00-05:00,2026-01-14T23:59:59-05:00
FreshCo,7711035,Kim Phat Dressing 298 mL or Sesame Oil Roasted 163 mL,4.88,2026-01-08T00:00:00-05:00,2026-02-04T23:59:59-05:00
FreshCo,7711035,Kim Phat Instant Noodles 120 g Selected Varieties,2.0,2026-01-08T00:00:00-05:00,2026-02-04T23:59:59-05:00
FreshCo,7711035,Kim Phat Pad Thai Sauce 298 g,4.48,2026-01-08T00:00:00-05:00,2026-02-04T23:59:59-05:00
FreshCo,7711035,Kim Phat Chow Mein Noodles 3 Min 454 g,2.28,2026-01-08T00:00:00-05:00,2026-02-04T23:59:59-05:00
FreshCo,7711035,Kim Phat Vermicelli or Pad Thai Noodles 400 g,2.68,2026-01-08T00:00:00-05:00,2026-02-04T23:59:59-05:00
FreshCo,7711035,Kim Phat Light or Dark Soy Sauce 500 mL,3.98,2026-01-08T00:00:00-05:00,2026-02-04T23:59:59-05:00
FreshCo,7711035,Kim Phat Water Chestnuts Whole or Slices 227 g,0.98,2026-01-08T00:00:00-05:00,2026-02-04T23:59:59-05:00
FreshCo,7711035,Kim Phat Sambal Oelek Paste 250 g or Fish Sauce 298 mL,2.98,2026-01-08T00:00:00-05:00,2026-02-04T23:59:59-05:00
FreshCo,7711035,Kim Phat Udon Noodles 800 g,3.48,2026-01-08T00:00:00-05:00,2026-02-04T23:59:59-05:00
FreshCo,7711035,Kim Phat Coconut Milk 18% or Light 6% 400 mL,1.98,2026-01-08T00:00:00-05:00,2026-02-04T23:59:59-05:00
FreshCo,7711035,Kim Phat Rice Paper 22 cm 400 g,3.98,2026-01-08T00:00:00-05:00,2026-02-04T23:59:59-05:00
FreshCo,7711035,Kim Phat Sushi Vinegar 298 mL or Sriracha Chili Sauce 432 mL,3.98,2026-01-08T00:00:00-05:00,2026-02-04T23:59:59-05:00
FreshCo,7711035,Kim Phat Spring Rolls 204 g or Soba Noodles 300 g,1.98,2026-01-08T00:00:00-05:00,2026-02-04T23:59:59-05:00
FreshCo,7711035,Eight Treasures Coconut Milk 400 mL,1.18,2026-01-08T00:00:00-05:00,2026-02-04T23:59:59-05:00
FreshCo,7711035,"Honey Pomelo or Ginger Root (Product of China). Yellow or Brown Asian Pear, Ya Pear, or Fuji Apple (Product of China, Extra Fancy Grade). Price: 4.14/kg.",1.88,2026-01-08T00:00:00-05:00,2026-02-04T23:59:59-05:00
FreshCo,7711035,Flat or Nappa Cabbage or Bok Choy Product of USA No. 1 Grade or Product of USA 2.16/kg,0.98,2026-01-08T00:00:00-05:00,2026-02-04T23:59:59-05:00
FreshCo,7711035,Eight Treasures Thai Jasmine Rice 8 kg,16.88,2026-01-08T00:00:00-05:00,2026-02-04T23:59:59-05:00
FreshCo,7711035,"Ponkan Mandarins 2 kg, Chinese Mandarins 4 lb, or Pomelo Gift Box 4 pk Product of China",8.88,2026-01-08T00:00:00-05:00,2026-02-04T23:59:59-05:00
FreshCo,7711035,Eight Treasures Sesame Oil 185 mL,3.98,2026-01-08T00:00:00-05:00,2026-02-04T23:59:59-05:00
FreshCo,7711035,Eight Treasures Basa Steaks Frozen 500 g,3.88,2026-01-08T00:00:00-05:00,2026-02-04T23:59:59-05:00
FreshCo,7711035,Dragon Fruit Product of Ecuador or Vietnam,2.88,2026-01-08T00:00:00-05:00,2026-02-04T23:59:59-05:00
FreshCo,7711035,Eight Treasures Rice Vermicelli or Rice Stick Noodles 400-454 g,1.98,2026-01-08T00:00:00-05:00,2026-02-04T23:59:59-05:00
FreshCo,7711035,Eight Treasures Sweetened Condensed Milk 300 mL,3.48,2026-01-08T00:00:00-05:00,2026-02-04T23:59:59-05:00
FreshCo,7711035,Singo Asian Pears 5 kg or Fuji Apples Gift Box 2.5 kg Product of China Extra Fancy Grade,16.88,2026-01-08T00:00:00-05:00,2026-02-04T23:59:59-05:00
FreshCo,7711035,"Purple or White Flesh Sweet Potato Product of Ontario Canada No. 1, 3.26/kg",1.48,2026-01-08T00:00:00-05:00,2026-02-04T23:59:59-05:00
FreshCo,7711035,Eight Treasures Thai Jasmine Rice 2 kg,4.48,2026-01-08T00:00:00-05:00,2026-02-04T23:59:59-05:00
FreshCo,7711035,Eight Treasures Whole Tilapia Frozen 1.36 kg,9.48,2026-01-08T00:00:00-05:00,2026-02-04T23:59:59-05:00
